,name,Brand,RAM,Internal_Memory,Processor,back_camera,front_camera,battery,android_version,UI,Display_type,Resolution,Thickness,weight,display_size,Refresh_Rate,price
0,OnePlus Nord CE 3 Lite 5G,OnePlus,8 GB,"128 GB
Best in Class â–¾",Qualcomm Snapdragon 695,108 MP + 2 MP + 2 MP,16 MP,5000 mAh,Android v13,Oxygen OS,IPS LCD,1080 x 2400 pixels,"8.3 mm
Very Good â–¾",195.0,6.72 inches (17.07 cm),120 Hz,"19,999"
1,Samsung Galaxy F54 5G,Samsung,8 GB,"256 GB
Best in Class â–¾",Samsung Exynos 1380,108 MP + 8 MP + 2 MP,32 MP,6000 mAh,Android v13,Samsung One UI,Super AMOLED Plus,1080 x 2400 pixels,"8.4 mm
Very Good â–¾",199.0,6.7 inches (17.02 cm),,"29,999"
2,realme 10 Pro Plus 5G,realme,6 GB,"128 GB
Best in Class â–¾",MediaTek Dimensity 1080 MT6877V,108 MP + 8 MP + 2 MP,16 MP,5000 mAh,Android v13,Realme UI,AMOLED,1080 x 2412 pixels,"7.7 mm
Very Good â–¾",172.5,6.7 inches (17.02 cm),120 Hz,"24,810"
3,realme Narzo N53,realme,4 GB,"64 GB
Best in Class â–¾",Unisoc T612,50 MP,8 MP,5000 mAh,Android v13,Realme UI,IPS LCD,1080 x 2400 pixels,"7.4 mm
Very Good â–¾",182.0,6.74 inches (17.12 cm),,"8,999"
4,OnePlus 11R,OnePlus,8 GB,"128 GB
Best in Class â–¾",Qualcomm Snapdragon 8 Plus Gen 1,50 MP + 8 MP + 2 MP,16 MP,5000 mAh,Android v13,Oxygen OS,Super Fluid AMOLED,1240 x 2772 pixels,"8.7 mm
Good â–¾",205.0,6.74 inches (17.12 cm),120 Hz,"39,999"
5,,,,,,,,,,,,,,,,,
6,vivo T2x,vivo,4 GB,"128 GB
Best in Class â–¾",MediaTek Dimensity 6020,50 MP + 2 MP,8 MP,5000 mAh,Android v13,Funtouch OS,IPS LCD,1080 x 2408 pixels,"8.1 mm
Very Good â–¾",184.0,6.58 inches (16.71 cm),,"12,999"
7,Samsung Galaxy S21 FE,Samsung,8 GB,"128 GB
Best in Class â–¾",Samsung Exynos 2100,12 MP + 12 MP + 8 MP,32 MP,4500 mAh,Android v12,Samsung One UI,Dynamic AMOLED,1080 x 2340 pixels,"7.9 mm
Very Good â–¾",177.0,6.4 inches (16.26 cm),120 Hz,"33,900"
8,vivo V27,vivo,8 GB,"128 GB
Best in Class â–¾",MediaTek Dimensity 7200,50 MP + 8 MP + 2 MP,50 MP,4600 mAh,Android v13,Funtouch OS,AMOLED,1080 x 2400 pixels,"7.3 mm
Excellent â–¾",180.0,6.78 inches (17.22 cm),,"32,999"
9,iQOO Neo 7,iQOO,8 GB,"128 GB
Best in Class â–¾",MediaTek Dimensity 8200 MT6896Z,64 MP + 2 MP + 2 MP,16 MP,5000 mAh,Android v13,Funtouch OS,AMOLED,1080 x 2400 pixels,"8.5 mm
Very Good â–¾",193.0,6.78 inches (17.22 cm),120 Hz,"28,999"
10,vivo V27 Pro,vivo,8 GB,"128 GB
Best in Class â–¾",MediaTek Dimensity 8200 MT6896Z,50 MP + 8 MP + 2 MP,50 MP,4600 mAh,Android v13,Funtouch OS,AMOLED,1080 x 2400 pixels,"7.3 mm
Excellent â–¾",182.0,6.78 inches (17.22 cm),,"37,999"
11,realme Narzo N55,realme,4 GB,"64 GB
Best in Class â–¾",MediaTek Helio G88,64 MP + 2 MP,8 MP,5000 mAh,Android v13,Realme UI,IPS LCD,1080 x 2400 pixels,"7.8 mm
Very Good â–¾",189.5,6.72 inches (17.07 cm),91.40%,"10,999"
12,iQOO Neo 6 5G,iQOO,8 GB,"128 GB
Best in Class â–¾",Qualcomm Snapdragon 870,64 MP + 8 MP + 2 MP,16 MP,4700 mAh,Android v12,Funtouch OS,AMOLED,1080 x 2400 pixels,"8.5 mm
Very Good â–¾",190.0,6.62 inches (16.81 cm),"Yes, HDR 10+","24,999"
13,OnePlus Nord 2T 5G,OnePlus,8 GB,"128 GB
Best in Class â–¾",MediaTek Dimensity 1300 MT6893,50 MP + 8 MP + 2 MP,32 MP,4500 mAh,Android v12,Oxygen OS,AMOLED,1080 x 2400 pixels,"8.2 mm
Very Good â–¾",190.0,6.43 inches (16.33 cm),90 Hz,"28,999"
14,Apple iPhone 14 Pro Max,Apple,6 GB,"128 GB
Best in Class â–¾",Apple A16 Bionic,48 MP + 12 MP + 12 MP,12 MP,4323 mAh,iOS v16,iOS,OLED,1290 x 2796 pixels,"7.8 mm
Very Good â–¾",240.0,6.7 inches (17.02 cm),Yes,"127,999"
15,OnePlus Nord CE 2 Lite 5G,OnePlus,6 GB,"128 GB
Best in Class â–¾",Qualcomm Snapdragon 695,64 MP + 2 MP + 2 MP,16 MP,5000 mAh,Android v12,Oxygen OS,IPS LCD,1080 x 2412 pixels,"8.5 mm
Very Good â–¾",195.0,6.59 inches (16.74 cm),,"17,990"
16,OnePlus 11,OnePlus,8 GB,"128 GB
Best in Class â–¾",Qualcomm Snapdragon 8 Gen 2,50 MP + 48 MP + 32 MP,16 MP,5000 mAh,Android v13,Oxygen OS,Super Fluid AMOLED,1440 x 3216 pixels,"8.5 mm
Very Good â–¾",205.0,6.7 inches (17.02 cm),"Yes, HDR 10+","56,999"
17,Xiaomi Redmi Note 12 Pro Plus 5G,Xiaomi,8 GB,"256 GB
Best in Class â–¾",MediaTek Dimensity 1080 MT6877V,200 MP + 8 MP + 2 MP,16 MP,4980 mAh,Android v12,MIUI,AMOLED,1080 x 2400 pixels,"8.9 mm
Good â–¾",208.4,6.67 inches (16.94 cm),"Yes, HDR 10+","29,990"
18,OPPO F23,OPPO,8 GB,"256 GB
Best in Class â–¾",Qualcomm Snapdragon 695,64 MP + 2 MP + 2 MP,32 MP,5000 mAh,Android v13,ColorOS,LTPS LCD,1080 x 2400 pixels,"8.2 mm
Very Good â–¾",192.0,6.72 inches (17.07 cm),91.40%,"24,999"
19,realme GT Neo 3T 5G,realme,6 GB,"128 GB
Best in Class â–¾",Qualcomm Snapdragon 870,64 MP + 8 MP + 2 MP,16 MP,5000 mAh,Android v12,Realme UI,AMOLED,1080 x 2400 pixels,"8.6 mm
Good â–¾",194.5,6.62 inches (16.81 cm),"Yes, HDR 10+","22,999"
20,Samsung Galaxy F14 5G,Samsung,4 GB,"128 GB
Best in Class â–¾",Samsung Exynos 1330,50 MP + 2 MP,13 MP,6000 mAh,Android v13,Samsung One UI,PLS LCD,1080 x 2408 pixels,"9.4 mm
Average â–¾",205.0,6.6 inches (16.76 cm),,"13,490"
21,Samsung Galaxy M14,Samsung,4 GB,"128 GB
Best in Class â–¾",Samsung Exynos 1330,50 MP + 2 MP + 2 MP,13 MP,6000 mAh,Android v13,Samsung One UI,PLS LCD,1080 x 2408 pixels,"9.4 mm
Average â–¾",206.0,6.6 inches (16.76 cm),,"13,490"
22,Xiaomi 13 Pro,Xiaomi,12 GB,"256 GB
Best in Class â–¾",Qualcomm Snapdragon 8 Gen 2,50 MP + 50 MP + 50 MP,32 MP,4820 mAh,Android v13,MIUI,AMOLED,1440 x 3200 pixels,"8.3 mm
Very Good â–¾",229.0,6.73 inches (17.09 cm),"Yes, HDR 10+","79,999"
23,OnePlus 10R 5G,OnePlus,8 GB,"128 GB
Best in Class â–¾",MediaTek Dimensity 8100 Max,50 MP + 8 MP + 2 MP,16 MP,5000 mAh,Android v12,Oxygen OS,Fluid AMOLED,1080 x 2412 pixels,"8.2 mm
Very Good â–¾",186.0,6.7 inches (17.02 cm),"Yes, HDR 10+","34,999"
24,Samsung Galaxy S20 FE 5G,Samsung,8 GB,"128 GB
Best in Class â–¾",Qualcomm Snapdragon 865,12 MP + 8 MP + 12 MP,32 MP,4500 mAh,Android v11,Samsung One UI,Super AMOLED,1080 x 2400 pixels,"8.4 mm
Very Good â–¾",190.0,6.5 inches (16.51 cm),120 Hz,"26,979"
25,Nothing Phone 1,Nothing,8 GB,"128 GB
Best in Class â–¾",Qualcomm Snapdragon 778G Plus,50 MP + 50 MP,16 MP,4500 mAh,Android v12,Android,OLED,1080 x 2400 pixels,"8.3 mm
Very Good â–¾",193.5,6.55 inches (16.64 cm),"Yes, HDR 10+","29,999"
26,Apple iPhone 14,Apple,6 GB,"128 GB
Best in Class â–¾",Apple A15 Bionic,12 MP + 12 MP,12 MP,3279 mAh,iOS v16,iOS,OLED,1170 x 2532 pixels,"7.8 mm
Very Good â–¾",172.0,6.1 inches (15.49 cm),Yes,"69,999"
27,OnePlus Nord CE 3 Lite 5G 256GB,OnePlus,8 GB,"256 GB
Best in Class â–¾",Qualcomm Snapdragon 695,108 MP + 2 MP + 2 MP,16 MP,5000 mAh,Android v13,Oxygen OS,IPS LCD,1080 x 2400 pixels,"8.3 mm
Very Good â–¾",195.0,6.72 inches (17.07 cm),120 Hz,"21,999"
28,Google Pixel 7A,Google,8 GB,"128 GB
Best in Class â–¾",Google Tensor G2,64 MP + 13 MP,13 MP,4385 mAh,Android v13,Android,OLED,1080 x 2400 pixels,"9 mm
Good â–¾",193.5,6.1 inches (15.49 cm),90 Hz,"43,999"
29,POCO X5 Pro,POCO,6 GB,"128 GB
Best in Class â–¾",Qualcomm Snapdragon 778G,108 MP + 8 MP + 2 MP,16 MP,5000 mAh,Android v12,MIUI,AMOLED,1080 x 2400 pixels,"7.9 mm
Very Good â–¾",181.0,6.67 inches (16.94 cm),"Yes, HDR 10+","21,999"
30,Samsung Galaxy F23 5G,Samsung,4 GB,"128 GB
Best in Class â–¾",Qualcomm Snapdragon 750G,50 MP + 8 MP + 2 MP,8 MP,5000 mAh,Android v12,Samsung One UI,TFT,1080 x 2408 pixels,"8.4 mm
Very Good â–¾",198.0,6.6 inches (16.76 cm),,"14,499"
31,Apple iPhone 13,Apple,4 GB,"128 GB
Best in Class â–¾",Apple A15 Bionic,12 MP + 12 MP,12 MP,3227 mAh,iOS v15,iOS,OLED,1170 x 2532 pixels,"7.6 mm
Very Good â–¾",173.0,6.1 inches (15.49 cm),Yes,"61,999"
32,Samsung Galaxy S23 5G,Samsung,8 GB,"128 GB
Best in Class â–¾",Qualcomm Snapdragon 8 Gen 2,50 MP + 12 MP + 10 MP,12 MP,3900 mAh,Android v13,Samsung One UI,Dynamic AMOLED,1080 x 2340 pixels,"7.6 mm
Very Good â–¾",168.0,6.1 inches (15.49 cm),"Yes, HDR 10+","74,998"
33,vivo Y100,vivo,8 GB,"128 GB
Best in Class â–¾",MediaTek Dimensity 900 MT6877,64 MP + 2 MP + 2 MP,16 MP,4500 mAh,Android v13,Funtouch OS,AMOLED,1080 x 2400 pixels,"7.7 mm
Very Good â–¾",181.0,6.38 inches (16.21 cm),90 Hz,"23,999"
34,Samsung Galaxy S22 Ultra,Samsung,12 GB,"256 GB
Best in Class â–¾",Qualcomm Snapdragon 8 Gen 1,108 MP + 12 MP + 10 MP + 10 MP,40 MP,5000 mAh,Android v12,Samsung One UI,Dynamic AMOLED,1440 x 3088 pixels,"8.9 mm
Good â–¾",228.0,6.8 inches (17.27 cm),"Yes, HDR 10+","83,450"
35,OPPO Reno8 T 5G,OPPO,8 GB,"128 GB
Best in Class â–¾",Qualcomm Snapdragon 695,108 MP + 2 MP + 2 MP,32 MP,4800 mAh,Android v13,ColorOS,AMOLED,1080 x 2412 pixels,"7.7 mm
Very Good â–¾",171.0,6.7 inches (17.02 cm),120 Hz,"29,999"
36,OPPO A78 5G,OPPO,8 GB,"128 GB
Best in Class â–¾",MediaTek Dimensity 700 MT6833,50 MP + 2 MP,8 MP,5000 mAh,Android v13,ColorOS,IPS LCD,720 x 1612 pixels,"7.9 mm
Very Good â–¾",188.0,6.56 inches (16.66 cm),89.80%,"18,690"
37,Motorola Edge 30,Motorola,6 GB,"128 GB
Best in Class â–¾",Qualcomm Snapdragon 778G Plus,50 MP + 50 MP + 2 MP,32 MP,4020 mAh,Android v12,Android,P-OLED,1080 x 2400 pixels,"6.7 mm
Excellent â–¾",155.0,6.5 inches (16.51 cm),"Yes, HDR 10+","30,990"
38,iQOO Z6 Lite 5G,iQOO,4 GB,"64 GB
Best in Class â–¾",Qualcomm Snapdragon 4 Gen 1,50 MP + 2 MP,8 MP,5000 mAh,Android v12,Funtouch OS,IPS LCD,1080 x 2408 pixels,"8.2 mm
Very Good â–¾",194.0,6.58 inches (16.71 cm),,"13,689"
39,Samsung Galaxy A34,Samsung,6 GB,"128 GB
Best in Class â–¾",MediaTek Dimensity 1080 MT6877V,48 MP + 8 MP + 5 MP,13 MP,5000 mAh,Android v13,Samsung One UI,Super AMOLED,1080 x 2340 pixels,"8.2 mm
Very Good â–¾",199.0,6.6 inches (16.76 cm),,"30,200"
40,Xiaomi Redmi Note 11 Pro Plus 5G,Xiaomi,6 GB,"128 GB
Best in Class â–¾",Qualcomm Snapdragon 695,108 MP + 8 MP + 2 MP,16 MP,5000 mAh,Android v11,MIUI,AMOLED,1080 x 2400 pixels,"8.1 mm
Very Good â–¾",202.0,6.67 inches (16.94 cm),120 Hz,"20,949"
41,Xiaomi Redmi K50i,Xiaomi,6 GB,"128 GB
Best in Class â–¾",MediaTek Dimensity 8100 MT6895Z,64 MP + 8 MP + 2 MP,16 MP,5080 mAh,Android v12,MIUI,IPS LCD,1080 x 2460 pixels,"8.8 mm
Good â–¾",200.0,6.6 inches (16.76 cm),"Yes, HDR 10+","20,999"
42,Samsung Galaxy M33 5G,Samsung,6 GB,"128 GB
Best in Class â–¾",Samsung Exynos 1280,50 MP + 5 MP + 2 MP + 2 MP,8 MP,6000 mAh,Android v12,Samsung One UI,TFT,1080 x 2408 pixels,"9.4 mm
Average â–¾",215.0,6.6 inches (16.76 cm),,"15,499"
43,realme Narzo 50 Pro 5G,realme,6 GB,"128 GB
Best in Class â–¾",MediaTek Dimensity 920 MT6877T,48 MP + 8 MP + 2 MP,16 MP,5000 mAh,Android v12,Realme UI,Super AMOLED,1080 x 2400 pixels,"7.99 mm
Very Good â–¾",181.0,6.4 inches (16.26 cm),90 Hz,"18,467"
44,Google Pixel 6A,Google,6 GB,"128 GB
Best in Class â–¾",Google Tensor,12.2 MP + 12 MP,8 MP,4410 mAh,Android v12,Android,OLED,1080 x 2400 pixels,"8.9 mm
Good â–¾",178.0,6.1 inches (15.49 cm),60 Hz,"29,999"
45,Xiaomi Redmi 12C,Xiaomi,4 GB,"64 GB
Best in Class â–¾",MediaTek Helio G85,50 MP + 0.08 MP,5 MP,5000 mAh,Android v12,MIUI,IPS LCD,720 x 1650 pixels,"8.7 mm
Good â–¾",192.0,6.71 inches (17.04 cm),,"8,799"
46,Samsung Galaxy A73 5G,Samsung,8 GB,"128 GB
Best in Class â–¾",Qualcomm Snapdragon 778G,108 MP + 12 MP + 5 MP + 5 MP,32 MP,5000 mAh,Android v12,Samsung One UI,Super AMOLED Plus,1080 x 2400 pixels,"7.6 mm
Very Good â–¾",181.0,6.7 inches (17.02 cm),,"35,950"
47,POCO C55,POCO,4 GB,"64 GB
Best in Class â–¾",MediaTek Helio G85,50 MP + 2 MP,5 MP,5000 mAh,Android v12,MIUI,IPS LCD,720 x 1650 pixels,"8.7 mm
Good â–¾",192.0,6.71 inches (17.04 cm),,"7,999"
48,vivo X90 5G,vivo,8 GB,"256 GB
Best in Class â–¾",MediaTek Dimensity 9200 MT6985,50 MP + 12 MP + 12 MP,32 MP,4810 mAh,Android v13,Funtouch OS,AMOLED,1260 x 2800 pixels,"8.4 mm
Very Good â–¾",200.0,6.78 inches (17.22 cm),"Yes, HDR 10+","59,999"
49,Samsung Galaxy A23 5G,Samsung,6 GB,"128 GB
Best in Class â–¾",Qualcomm Snapdragon 695,50 MP + 5 MP + 2 MP + 2 MP,8 MP,5000 mAh,Android v13,Samsung One UI,PLS LCD,1080 x 2408 pixels,"8.4 mm
Very Good â–¾",197.0,6.6 inches (16.76 cm),,"21,200"
50,Apple iPhone 11,Apple,4 GB,"64 GB
Best in Class â–¾",Apple A13 Bionic,12 MP + 12 MP,12 MP,3110 mAh,iOS v13.0,Android,IPS LCD,828 x 1792 pixels,"8.3 mm
Very Good â–¾",194.0,6.1 inches (15.49 cm),60 Hz,"40,999"
51,Xiaomi Redmi 11 Prime 5G,Xiaomi,4 GB,"64 GB
Best in Class â–¾",MediaTek Dimensity 700 MT6833,50 MP + 2 MP,8 MP,5000 mAh,Android v12,MIUI,IPS LCD,1080 x 2408 pixels,"8.9 mm
Good â–¾",200.0,6.58 inches (16.71 cm),,"12,999"
52,Moto G62 5G,Motorola,6 GB,"128 GB
Best in Class â–¾",Qualcomm Snapdragon 695,50 MP + 8 MP + 2 MP,16 MP,5000 mAh,Android v12,Android,IPS LCD,1080 x 2400 pixels,"8.5 mm
Very Good â–¾",184.0,6.5 inches (16.51 cm),,"16,850"
53,Samsung Galaxy F13,Samsung,4 GB,"64 GB
Best in Class â–¾",Samsung Exynos 8 Octa 850,50 MP + 5 MP + 2 MP,8 MP,6000 mAh,Android v12,Samsung One UI,PLS LCD,1080 x 2408 pixels,"9.3 mm
Good â–¾",207.0,6.6 inches (16.76 cm),,"9,699"
54,vivo T1 44W,vivo,4 GB,"128 GB
Best in Class â–¾",Qualcomm Snapdragon 680,50 MP + 2 MP + 2 MP,16 MP,5000 mAh,Android v12,Funtouch OS,AMOLED,1080 x 2400 pixels,"8.4 mm
Very Good â–¾",182.0,6.44 inches (16.36 cm),,"14,349"
55,realme C35,realme,4 GB,"64 GB
Best in Class â–¾",Unisoc T616,50 MP + 2 MP + 0.3 MP,8 MP,5000 mAh,Android v11,Realme UI,IPS LCD,1080 x 2408 pixels,"8.1 mm
Very Good â–¾",189.0,6.6 inches (16.76 cm),90.70%,"11,999"
56,Moto G42,Motorola,4 GB,"64 GB
Best in Class â–¾",Qualcomm Snapdragon 680,50 MP + 8 MP + 2 MP,16 MP,5000 mAh,Android v12,Android,AMOLED,1080 x 2400 pixels,"8.2 mm
Very Good â–¾",174.5,6.4 inches (16.26 cm),,"10,140"
57,Tecno Camon 20,Tecno,8 GB,"256 GB
Best in Class â–¾",MediaTek Helio G85,64 MP + 2 MP + 0.08 MP,32 MP,5000 mAh,Android v13,HiOS,AMOLED,1080 x 2400 pixels,"7.82 mm
Very Good â–¾",190.0,6.67 inches (16.94 cm),93.30%,"14,999"
58,OPPO Reno8 5G,OPPO,8 GB,"128 GB
Best in Class â–¾",MediaTek Dimensity 1300 MT6893Z,50 MP + 8 MP + 2 MP,32 MP,4500 mAh,Android v12,ColorOS,AMOLED,1080 x 2400 pixels,"7.6 mm
Very Good â–¾",179.0,6.4 inches (16.26 cm),90 Hz,"29,999"
59,Samsung Galaxy A53 5G,Samsung,6 GB,"128 GB
Best in Class â–¾",Samsung Exynos 1280,64 MP + 12 MP + 5 MP + 5 MP,32 MP,5000 mAh,Android v12,Samsung One UI,Super AMOLED,1080 x 2400 pixels,"8.1 mm
Very Good â–¾",189.0,6.5 inches (16.51 cm),,"26,999"
60,POCO X5,POCO,6 GB,"128 GB
Best in Class â–¾",Qualcomm Snapdragon 695,48 MP + 8 MP + 2 MP,13 MP,5000 mAh,Android v12,MIUI,Super AMOLED,1080 x 2400 pixels,"7.9 mm
Very Good â–¾",188.0,6.67 inches (16.94 cm),120 Hz,"15,999"
61,POCO X4 Pro,POCO,6 GB,"64 GB
Best in Class â–¾",Qualcomm Snapdragon 695,64 MP + 8 MP + 2 MP,16 MP,5000 mAh,Android v11,MIUI,AMOLED,1080 x 2400 pixels,"8.1 mm
Very Good â–¾",205.0,6.67 inches (16.94 cm),120 Hz,"16,499"
62,,,,,,,,,,,,,,,,,
63,OnePlus 10 Pro,OnePlus,8 GB,"128 GB
Best in Class â–¾",Qualcomm Snapdragon 8 Gen 1,48 MP + 50 MP + 8 MP,32 MP,5000 mAh,Android v12,Oxygen OS,Fluid AMOLED,1440 x 3216 pixels,"8.5 mm
Very Good â–¾",200.5,6.7 inches (17.02 cm),"Yes, HDR 10+","55,999"
64,OPPO F21 Pro,OPPO,8 GB,"128 GB
Best in Class â–¾",Qualcomm Snapdragon 680,64 MP + 2 MP + 2 MP,32 MP,4500 mAh,Android v12,ColorOS,AMOLED,1080 x 2400 pixels,"7.5 mm
Very Good â–¾",175.0,6.43 inches (16.33 cm),90 Hz,"20,999"
65,vivo X90 Pro,vivo,12 GB,"256 GB
Best in Class â–¾",MediaTek Dimensity 9200 MT6985,50 MP + 12 MP + 50 MP,32 MP,4870 mAh,Android v13,Funtouch OS,AMOLED,1260 x 2800 pixels,"9.3 mm
Good â–¾",214.8,6.78 inches (17.22 cm),"Yes, HDR 10+","84,999"
66,Xiaomi 12 Pro 5G,Xiaomi,8 GB,"256 GB
Best in Class â–¾",Qualcomm Snapdragon 8 Gen 1,50 MP + 50 MP + 50 MP,32 MP,4600 mAh,Android v12,MIUI,AMOLED,1440 x 3200 pixels,"8.1 mm
Very Good â–¾",205.0,6.73 inches (17.09 cm),"Yes, HDR 10+","42,390"
67,Samsung Galaxy A33 5G,Samsung,6 GB,"128 GB
Best in Class â–¾",Samsung Exynos 1280,48 MP + 8 MP + 5 MP + 2 MP,13 MP,5000 mAh,Android v12,Samsung One UI,Super AMOLED,1080 x 2400 pixels,"8.1 mm
Very Good â–¾",186.0,6.4 inches (16.26 cm),,"24,686"
68,vivo Y56,vivo,8 GB,"128 GB
Best in Class â–¾",MediaTek Dimensity 700 MT6833,50 MP + 2 MP,16 MP,5000 mAh,Android v13,Funtouch OS,IPS LCD,1080 x 2408 pixels,"8.1 mm
Very Good â–¾",184.0,6.58 inches (16.71 cm),,"19,748"
69,Xiaomi Redmi 10,Xiaomi,4 GB,"64 GB
Best in Class â–¾",Qualcomm Snapdragon 680,50 MP + 2 MP,5 MP,6000 mAh,Android v11,MIUI,IPS LCD,720 x 1650 pixels,"9.1 mm
Good â–¾",203.0,6.7 inches (17.02 cm),60 Hz,"9,499"
70,vivo V25 5G,vivo,8 GB,"128 GB
Best in Class â–¾",MediaTek Dimensity 900 MT6877,64 MP + 8 MP + 2 MP,50 MP,4500 mAh,Android v12,Funtouch OS,AMOLED,1080 x 2404 pixels,"7.7 mm
Very Good â–¾",186.0,6.44 inches (16.36 cm),90 Hz,"24,999"
71,Samsung Galaxy S20 Ultra,Samsung,12 GB,"128 GB
Best in Class â–¾",Samsung Exynos 9 Octa 990,108 MP + 48 MP + 12 MP,40 MP,5000 mAh,Android v10 (Q),Samsung One UI,Dynamic AMOLED,1440 x 3200 pixels,"8.8 mm
Good â–¾",220.0,6.9 inches (17.53 cm),120 Hz,"48,499"
72,Xiaomi Redmi Note 11 SE,Xiaomi,6 GB,"64 GB
Best in Class â–¾",MediaTek Helio G95,64 MP + 8 MP + 2 MP + 2 MP,13 MP,5000 mAh,Android v11,MIUI,Super AMOLED,1080 x 2400 pixels,"8.3 mm
Very Good â–¾",178.8,6.43 inches (16.33 cm),90 Hz,"11,499"
73,OnePlus Nord CE 2 5G,OnePlus,6 GB,"128 GB
Best in Class â–¾",MediaTek Dimensity 900 MT6877,64 MP + 8 MP + 2 MP,16 MP,4500 mAh,Android v11,Oxygen OS,Fluid AMOLED,1080 x 2400 pixels,"7.8 mm
Very Good â–¾",173.0,6.43 inches (16.33 cm),90 Hz,"23,999"
74,Samsung Galaxy M53 5G,Samsung,6 GB,"128 GB
Best in Class â–¾",MediaTek Dimensity 900,108 MP + 8 MP + 2 MP + 2 MP,32 MP,5000 mAh,Android v12,Samsung One UI,Super AMOLED Plus,1080 x 2400 pixels,"7.4 mm
Very Good â–¾",176.0,6.7 inches (17.02 cm),120 Hz,"22,979"
75,Xiaomi Redmi Note 11 Pro,Xiaomi,6 GB,"128 GB
Best in Class â–¾",MediaTek Helio G96,108 MP + 8 MP + 2 MP + 2 MP,16 MP,5000 mAh,Android v11,MIUI,AMOLED,1080 x 2400 pixels,"8.1 mm
Very Good â–¾",202.0,6.67 inches (16.94 cm),120 Hz,"17,999"
76,realme 9 5G SE,realme,6 GB,"128 GB
Best in Class â–¾",Qualcomm Snapdragon 778G,48 MP + 2 MP + 2 MP,16 MP,5000 mAh,Android v11,Realme UI,IPS LCD,1080 x 2412 pixels,"8.5 mm
Very Good â–¾",199.0,6.6 inches (16.76 cm),90.80%,"19,999"
77,Samsung Galaxy A23,Samsung,6 GB,"128 GB
Best in Class â–¾",Qualcomm Snapdragon 680,50 MP + 5 MP + 2 MP + 2 MP,8 MP,5000 mAh,Android v12,Samsung One UI,PLS TFT LCD,1080 x 2408 pixels,"8.4 mm
Very Good â–¾",195.0,6.6 inches (16.76 cm),,"14,499"
78,Google Pixel 7 5G,Google,8 GB,"128 GB
Best in Class â–¾",Google Tensor G2,50 MP + 12 MP,10.8 MP,4355 mAh,Android v13,Android,OLED,1080 x 2400 pixels,"8.7 mm
Good â–¾",197.0,6.3 inches (16 cm),"Yes, HDR 10+","46,680"
79,Samsung Galaxy S21 Ultra,Samsung,12 GB,"256 GB
Best in Class â–¾",Samsung Exynos 2100,108 MP + 10 MP + 10 MP + 12 MP,40 MP,5000 mAh,Android v11,Samsung One UI,Dynamic AMOLED,1440 x 3200 pixels,"8.9 mm
Good â–¾",227.0,6.8 inches (17.27 cm),"Yes, HDR 10+","64,999"
80,realme GT Neo 3 5G,realme,8 GB,"128 GB
Best in Class â–¾",MediaTek Dimensity 8100,50 MP + 8 MP + 2 MP,16 MP,5000 mAh,Android v12,Realme UI,AMOLED,1080 x 2412 pixels,"8.2 mm
Very Good â–¾",188.0,6.7 inches (17.02 cm),120 Hz,"27,400"
81,OnePlus Nord 2,OnePlus,6 GB,"128 GB
Best in Class â–¾",MediaTek Dimensity 1200 MT6893,50 MP + 8 MP + 2 MP,32 MP,4500 mAh,Android v11,Oxygen OS,Fluid AMOLED,1080 x 2400 pixels,"8.2 mm
Very Good â–¾",189.0,6.43 inches (16.33 cm),,"27,999"
82,iQOO 11 5G,iQOO,8 GB,"256 GB
Best in Class â–¾",Qualcomm Snapdragon 8 Gen 2,50 MP + 13 MP + 8 MP,16 MP,5000 mAh,Android v13,Funtouch OS,AMOLED,1440 x 3200 pixels,"8.4 mm
Very Good â–¾",205.0,6.78 inches (17.22 cm),"Yes, HDR 10+","54,999"
83,Samsung Galaxy S21,Samsung,8 GB,"128 GB
Best in Class â–¾",Samsung Exynos 2100,12 MP + 64 MP + 12 MP,10 MP,4000 mAh,Android v11,Samsung One UI,Dynamic AMOLED,1080 x 2400 pixels,"7.9 mm
Very Good â–¾",169.0,6.2 inches (15.75 cm),"Yes, HDR 10+","32,999"
84,Apple iPhone 14 Plus,Apple,6 GB,"128 GB
Best in Class â–¾",Apple A15 Bionic,12 MP + 12 MP,12 MP,4325 mAh,iOS v16,iOS,OLED,1284 x 2778 pixels,"7.8 mm
Very Good â–¾",203.0,6.7 inches (17.02 cm),Yes,"78,999"
85,POCO M4 Pro,POCO,6 GB,"64 GB
Best in Class â–¾",MediaTek Helio G96,64 MP + 8 MP + 2 MP,16 MP,5000 mAh,Android v11,MIUI,AMOLED,1080 x 2400 pixels,"8 mm
Very Good â–¾",179.5,6.43 inches (16.33 cm),90 Hz,"13,410"
86,Apple iPhone 12,Apple,4 GB,"64 GB
Best in Class â–¾",Apple A14 Bionic,12 MP + 12 MP,12 MP,2815 mAh,iOS v14,iOS,OLED,1170 x 2532 pixels,"7.4 mm
Very Good â–¾",162.0,6.1 inches (15.49 cm),Yes,"53,999"
87,Moto G82,Motorola,6 GB,"128 GB
Best in Class â–¾",Qualcomm Snapdragon 695,50 MP + 8 MP + 2 MP,16 MP,5000 mAh,Android v12,Android,P-OLED,1080 x 2400 pixels,"7.9 mm
Very Good â–¾",173.0,6.6 inches (16.76 cm),,"19,999"
88,Samsung Galaxy S22,Samsung,8 GB,"128 GB
Best in Class â–¾",Qualcomm Snapdragon 8 Gen 1,50 MP + 12 MP + 10 MP,10 MP,3700 mAh,Android v12,Samsung One UI,Dynamic AMOLED,1080 x 2340 pixels,"7.6 mm
Very Good â–¾",167.0,6.1 inches (15.49 cm),"Yes, HDR 10+","48,499"
89,Apple iPhone 14 Pro,Apple,6 GB,"128 GB
Best in Class â–¾",Apple A16 Bionic,48 MP + 12 MP + 12 MP,12 MP,3200 mAh,iOS v16,iOS,OLED,1179 x 2556 pixels,"7.8 mm
Very Good â–¾",206.0,6.1 inches (15.49 cm),Yes,"119,999"
90,Google Pixel 7 Pro 5G,Google,12 GB,"128 GB
Best in Class â–¾",Google Tensor G2,50 MP + 12 MP + 48 MP,10.8 MP,5000 mAh,Android v13,Android,OLED,1440 x 3120 pixels,"8.9 mm
Good â–¾",212.0,6.7 inches (17.02 cm),"Yes, HDR 10+","68,000"
91,realme 9i 5G,realme,4 GB,"64 GB
Best in Class â–¾",MediaTek Dimensity 810 MT6833,50 MP + 2 MP + 2 MP,8 MP,5000 mAh,Android v12,Realme UI,IPS LCD,1080 x 2408 pixels,"8.1 mm
Very Good â–¾",187.0,6.6 inches (16.76 cm),90.40%,"14,399"
92,Xiaomi Redmi Note 10S,Xiaomi,6 GB,"64 GB
Best in Class â–¾",MediaTek Helio G95,64 MP + 8 MP + 2 MP + 2 MP,13 MP,5000 mAh,Android v11,MIUI,AMOLED,1080 x 2400 pixels,"8.2 mm
Very Good â–¾",178.8,6.43 inches (16.33 cm),60 Hz,"10,779"
93,Moto G32,Motorola,4 GB,"64 GB
Best in Class â–¾",Qualcomm Snapdragon 680,50 MP + 8 MP + 2 MP,16 MP,5000 mAh,Android v12,Android,IPS LCD,1080 x 2400 pixels,"8.4 mm
Very Good â–¾",184.0,6.5 inches (16.51 cm),,"12,990"
94,realme 9,realme,6 GB,"128 GB
Best in Class â–¾",Qualcomm Snapdragon 680,108 MP + 8 MP + 2 MP,16 MP,5000 mAh,Android v12,Realme UI,Super AMOLED,1080 x 2400 pixels,"7.9 mm
Very Good â–¾",178.0,6.4 inches (16.26 cm),90 Hz,"16,999"
95,OPPO Reno8 Pro 5G,OPPO,12 GB,"256 GB
Best in Class â–¾",MediaTek Dimensity 8100 Max MT6895Z,50 MP + 8 MP + 2 MP,32 MP,4500 mAh,Android v12,ColorOS,AMOLED,1080 x 2412 pixels,"7.3 mm
Excellent â–¾",183.0,6.7 inches (17.02 cm),"Yes, HDR 10+","45,999"
96,Samsung Galaxy M13 5G,Samsung,4 GB,"64 GB
Best in Class â–¾",MediaTek Dimensity 700 MT6833,50 MP + 2 MP,5 MP,5000 mAh,Android v12,Samsung One UI,PLS LCD,720 x 1600 pixels,"8.8 mm
Good â–¾",195.0,6.5 inches (16.51 cm),90 Hz,"11,499"
97,vivo T2x 6GB RAM,vivo,6 GB,"128 GB
Best in Class â–¾",MediaTek Dimensity 6020,50 MP + 2 MP,8 MP,5000 mAh,Android v13,Funtouch OS,IPS LCD,1080 x 2408 pixels,"8.1 mm
Very Good â–¾",184.0,6.58 inches (16.71 cm),,"13,999"
98,realme GT 2 5G,realme,8 GB,"128 GB
Best in Class â–¾",Qualcomm Snapdragon 888,50 MP + 8 MP + 2 MP,16 MP,5000 mAh,Android v12,Realme UI,AMOLED,1080 x 2400 pixels,"8.6 mm
Good â–¾",194.5,6.62 inches (16.81 cm),120 Hz,"24,999"
99,vivo V25 Pro 5G,vivo,8 GB,"128 GB
Best in Class â–¾",MediaTek Dimensity 1300 MT6893Z,64 MP + 8 MP + 2 MP,32 MP,4830 mAh,Android v12,Funtouch OS,AMOLED,1080 x 2376 pixels,"8.6 mm
Good â–¾",190.0,6.56 inches (16.66 cm),92.70%,"30,990"
100,Samsung Galaxy A34 8GB RAM,Samsung,8 GB,"128 GB
Best in Class â–¾",MediaTek Dimensity 1080 MT6877V,48 MP + 8 MP + 5 MP,13 MP,5000 mAh,Android v13,Samsung One UI,Super AMOLED,1080 x 2340 pixels,"8.2 mm
Very Good â–¾",199.0,6.6 inches (16.76 cm),,"24,999"
101,vivo V23 5G,vivo,8 GB,"128 GB
Best in Class â–¾",MediaTek Dimensity 920 MT6877T,64 MP + 8 MP + 2 MP,50 MP + 8 MP,4200 mAh,Android v12,Funtouch OS,AMOLED,1080 x 2400 pixels,"7.3 mm
Excellent â–¾",179.0,6.44 inches (16.36 cm),91.04%,"26,480"
102,Xiaomi Redmi Note 12 4G,Xiaomi,6 GB,"64 GB
Best in Class â–¾",Qualcomm Snapdragon 685,50 MP + 8 MP + 2 MP,13 MP,5000 mAh,Android v13,MIUI,Super AMOLED,1080 x 2400 pixels,"7.8 mm
Very Good â–¾",186.0,6.67 inches (16.94 cm),120 Hz,"14,950"
103,Moto G72,Motorola,6 GB,"128 GB
Best in Class â–¾",MediaTek Helio G99,108 MP + 8 MP + 2 MP,16 MP,5000 mAh,Android v12,Android,P-OLED,1080 x 2460 pixels,"7.9 mm
Very Good â–¾",166.0,6.55 inches (16.64 cm),120 Hz,"17,399"
104,POCO M4 Pro 5G,POCO,4 GB,"64 GB
Best in Class â–¾",MediaTek Dimensity 810 MT6833,50 MP + 8 MP,16 MP,5000 mAh,Android v11,MIUI,IPS LCD,1080 x 2400 pixels,"8.8 mm
Good â–¾",195.0,6.6 inches (16.76 cm),90 Hz,"13,999"
105,Infinix Hot 20 5G,Infinix,4 GB,"64 GB
Best in Class â–¾",MediaTek Dimensity 810 MT6833,50 MP + 0.08 MP,8 MP,5000 mAh,Android v12,XOS,IPS LCD,1080 x 2408 pixels,"8.93 mm
Good â–¾",204.0,6.6 inches (16.76 cm),120 Hz,"12,100"
106,POCO F4 5G,POCO,6 GB,"128 GB
Best in Class â–¾",Qualcomm Snapdragon 870,64 MP + 8 MP + 2 MP,20 MP,4500 mAh,Android v12,MIUI,AMOLED,1080 x 2400 pixels,"7.7 mm
Very Good â–¾",195.0,6.67 inches (16.94 cm),"Yes, HDR 10+","27,999"
107,Tecno Spark 10 Pro,Tecno,8 GB,"128 GB
Best in Class â–¾",MediaTek Helio G88,50 MP + 0.08 MP + 0.3 MP,32 MP,5000 mAh,Android v13,HiOS,IPS LCD,1080 x 2460 pixels,"8.4 mm
Very Good â–¾",191.829315068493,6.78 inches (17.22 cm),,"12,499"
108,realme Narzo 50,realme,4 GB,"64 GB
Best in Class â–¾",MediaTek Helio G96,50 MP + 2 MP + 2 MP,16 MP,5000 mAh,Android v11,Realme UI,IPS LCD,1080 x 2412 pixels,"8.5 mm
Very Good â–¾",194.0,6.6 inches (16.76 cm),90.80%,"11,780"
109,Xiaomi Redmi Note 10,Xiaomi,4 GB,"64 GB
Best in Class â–¾",Qualcomm Snapdragon 678,48 MP + 8 MP + 2 MP + 2 MP,13 MP,5000 mAh,Android v11,MIUI,Super AMOLED,1080 x 2400 pixels,"8.3 mm
Very Good â–¾",178.8,6.43 inches (16.33 cm),60 Hz,"13,999"
110,vivo T2x 8GB RAM,vivo,8 GB,"128 GB
Best in Class â–¾",MediaTek Dimensity 6020,50 MP + 2 MP,8 MP,5000 mAh,Android v13,Funtouch OS,IPS LCD,1080 x 2408 pixels,"8.1 mm
Very Good â–¾",184.0,6.58 inches (16.71 cm),,"15,999"
111,Samsung Galaxy F23 5G 6GB RAM,Samsung,6 GB,"128 GB
Best in Class â–¾",Qualcomm Snapdragon 750G,50 MP + 8 MP + 2 MP,8 MP,5000 mAh,Android v12,Samsung One UI,TFT,1080 x 2408 pixels,"8.4 mm
Very Good â–¾",198.0,6.6 inches (16.76 cm),,"14,999"
112,iQOO Z6 Pro,iQOO,6 GB,"128 GB
Best in Class â–¾",Qualcomm Snapdragon 778G,64 MP + 8 MP + 2 MP,16 MP,4700 mAh,Android v12,Funtouch OS,AMOLED,1080 x 2404 pixels,"8.4 mm
Very Good â–¾",180.0,6.44 inches (16.36 cm),"Yes, HDR 10+","23,999"
113,Motorola Edge 30 Ultra 5G,Motorola,8 GB,"128 GB
Best in Class â–¾",Qualcomm Snapdragon 8 Plus Gen 1,200 MP + 50 MP + 12 MP,60 MP,4610 mAh,Android v12,Android,P-OLED,1080 x 2400 pixels,"8.3 mm
Very Good â–¾",198.5,6.67 inches (16.94 cm),"Yes, HDR 10+","48,990"
114,Samsung Galaxy S22 Plus,Samsung,8 GB,"128 GB
Best in Class â–¾",Qualcomm Snapdragon 8 Gen 1,50 MP + 12 MP + 10 MP,10 MP,4500 mAh,Android v12,Samsung One UI,Dynamic AMOLED,1080 x 2340 pixels,"7.6 mm
Very Good â–¾",195.0,6.6 inches (16.76 cm),"Yes, HDR 10+","52,999"
115,vivo Y22 2022,vivo,4 GB,"64 GB
Best in Class â–¾",MediaTek Helio G70,50 MP + 2 MP,8 MP,5000 mAh,Android v12,Funtouch OS,IPS LCD,720 x 1612 pixels,"8.3 mm
Very Good â–¾",190.0,6.55 inches (16.64 cm),89.67%,"13,900"
116,Lava Blaze 5G,Lava,4 GB,"128 GB
Best in Class â–¾",MediaTek Dimensity 700 MT6833,50 MP + 2 MP + 0.3 MP,8 MP,5000 mAh,Android v12,Android,IPS LCD,720 x 1600 pixels,"8.9 mm
Good â–¾",207.0,6.5 inches (16.51 cm),,"10,999"
117,Lava Agni 5G,Lava,8 GB,"128 GB
Best in Class â–¾",MediaTek Dimensity 810 MT6833,64 MP + 5 MP + 2 MP + 2 MP,16 MP,5000 mAh,Android v11,Android,IPS LCD,1080 x 2460 pixels,"9.1 mm
Good â–¾",204.0,6.78 inches (17.22 cm),91.70%,"15,990"
118,iQOO 9 SE,iQOO,8 GB,"128 GB
Best in Class â–¾",Qualcomm Snapdragon 888,48 MP + 13 MP + 2 MP,16 MP,4500 mAh,Android v12,Funtouch OS,AMOLED,1080 x 2400 pixels,"8.3 mm
Very Good â–¾",196.0,6.62 inches (16.81 cm),120 Hz,"39,990"
119,realme 9i,realme,4 GB,"64 GB
Best in Class â–¾",Qualcomm Snapdragon 680,50 MP + 2 MP + 2 MP,16 MP,5000 mAh,Android v11,Realme UI,IPS LCD,1080 x 2412 pixels,"8.4 mm
Very Good â–¾",190.0,6.6 inches (16.76 cm),90.80%,"13,499"
120,POCO M4 5G,POCO,4 GB,"64 GB
Best in Class â–¾",MediaTek Dimensity 700 MT6833,50 MP + 2 MP,8 MP,5000 mAh,Android v12,MIUI,IPS LCD,1080 x 2400 pixels,"8.9 mm
Good â–¾",200.0,6.58 inches (16.71 cm),90 Hz,"11,999"
121,vivo Y16,vivo,3 GB,"32 GB
Excellent â–¾",MediaTek Helio P35,13 MP + 2 MP,5 MP,5000 mAh,Android v12,Funtouch OS,IPS LCD,720 x 1600 pixels,"8.1 mm
Very Good â–¾",183.0,6.51 inches (16.54 cm),,"9,999"
122,,,,,,,,,,,,,,,,,
123,OnePlus Nord N20 SE,OnePlus,4 GB,"64 GB
Best in Class â–¾",MediaTek Helio G35,50 MP + 2 MP,8 MP,5000 mAh,Android v12,Oxygen OS,IPS LCD,720 x 1600 pixels,"8 mm
Very Good â–¾",187.0,6.56 inches (16.66 cm),89.80%,"12,749"
124,Moto g52,Motorola,4 GB,"64 GB
Best in Class â–¾",Qualcomm Snapdragon 680,50 MP + 8 MP + 2 MP,16 MP,5000 mAh,Android v12,Android,P-OLED,1080 x 2400 pixels,"7.9 mm
Very Good â–¾",169.0,6.6 inches (16.76 cm),91.40%,"12,990"
125,iQOO Z6 5G,iQOO,4 GB,"128 GB
Best in Class â–¾",Qualcomm Snapdragon 695,50 MP + 2 MP + 2 MP,16 MP,5000 mAh,Android v12,Funtouch OS,IPS LCD,1080 x 2408 pixels,"8.2 mm
Very Good â–¾",185.0,6.58 inches (16.71 cm),,"15,990"
126,realme C30,realme,2 GB,"32 GB
Excellent â–¾",Unisoc T612,8 MP,5 MP,5000 mAh,Android v11,Realme UI,IPS LCD,720 x 1600 pixels,"8.5 mm
Very Good â–¾",182.0,6.5 inches (16.51 cm),88.70%,"5,549"
127,OnePlus 10T,OnePlus,8 GB,"128 GB
Best in Class â–¾",Qualcomm Snapdragon 8 Plus Gen 1,50 MP + 8 MP + 2 MP,16 MP,4800 mAh,Android v12,Oxygen OS,Fluid AMOLED,1080 x 2412 pixels,"8.8 mm
Good â–¾",203.5,6.7 inches (17.02 cm),"Yes, HDR 10+","43,799"
128,POCO M5,POCO,4 GB,"64 GB
Best in Class â–¾",MediaTek Helio G99,50 MP + 2 MP + 2 MP,8 MP,5000 mAh,Android v12,MIUI,IPS LCD,1080 x 2408 pixels,"8.9 mm
Good â–¾",201.0,6.58 inches (16.71 cm),90 Hz,"8,999"
129,Motorola Edge 30 Fusion,Motorola,8 GB,"128 GB
Best in Class â–¾",Qualcomm Snapdragon 888 Plus,50 MP + 13 MP + 2 MP,32 MP,4400 mAh,Android v12,Android,P-OLED,1080 x 2400 pixels,"7.4 mm
Very Good â–¾",175.0,6.55 inches (16.64 cm),"Yes, HDR 10+","38,999"
130,vivo Y20,vivo,4 GB,"64 GB
Best in Class â–¾",Qualcomm Snapdragon 460,13 MP + 2 MP + 2 MP,8 MP,5000 mAh,Android v10 (Q),Funtouch OS,IPS LCD,720 x 1600 pixels,"8.4 mm
Very Good â–¾",192.3,6.51 inches (16.54 cm),,"12,990"
131,Google Pixel 6 Pro,Google,12 GB,"128 GB
Best in Class â–¾",Google Tensor,50 MP + 12 MP + 48 MP,11.1 MP,5003 mAh,Android v12,Android,P-OLED,1440 x 3120 pixels,"8.9 mm
Good â–¾",210.0,6.7 inches (17.02 cm),120 Hz,"41,490"
132,Xiaomi Redmi A1,Xiaomi,2 GB,"32 GB
Excellent â–¾",MediaTek Helio A22,8 MP + 0.08 MP,5 MP,5000 mAh,Android v12,Android Go,IPS LCD,720 x 1600 pixels,"9 mm
Good â–¾",192.0,6.52 inches (16.56 cm),,"6,229"
133,realme C33,realme,3 GB,"32 GB
Excellent â–¾",Unisoc T612,50 MP + 0.3 MP,5 MP,5000 mAh,Android v12,Realme UI,IPS LCD,720 x 1600 pixels,"8.3 mm
Very Good â–¾",187.0,6.5 inches (16.51 cm),88.70%,"8,999"
134,Samsung Galaxy S10 Plus,Samsung,8 GB,"128 GB
Best in Class â–¾",Samsung Exynos 9 Octa 9820,12 MP + 12 MP + 16 MP,10 MP + 8 MP,4100 mAh,Android v9.0 (Pie),Samsung One UI,Dynamic AMOLED,1440 x 3040 pixels,"7.8 mm
Very Good â–¾",175.0,6.4 inches (16.26 cm),,"38,499"
135,Xiaomi Mi 11T Pro 5G,Xiaomi,8 GB,"128 GB
Best in Class â–¾",Qualcomm Snapdragon 888,108 MP + 8 MP + 5 MP,16 MP,5000 mAh,Android v11,MIUI,AMOLED,1080 x 2400 pixels,"8.8 mm
Good â–¾",204.0,6.67 inches (16.94 cm),"Yes, HDR 10+","28,999"
136,realme Narzo 50 5G,realme,4 GB,"64 GB
Best in Class â–¾",MediaTek Dimensity 810 MT6833,48 MP + 2 MP,8 MP,5000 mAh,Android v12,Realme UI,IPS LCD,1080 x 2408 pixels,"8.1 mm
Very Good â–¾",190.0,6.6 inches (16.76 cm),90.70%,"14,999"
137,realme 8,realme,4 GB,"128 GB
Best in Class â–¾",MediaTek Helio G95,64 MP + 8 MP + 2 MP + 2 MP,16 MP,5000 mAh,Android v11,Realme UI,Super AMOLED,1080 x 2400 pixels,"7.9 mm
Very Good â–¾",177.0,6.4 inches (16.26 cm),90.80%,"15,999"
138,vivo V17 Pro,vivo,8 GB,"128 GB
Best in Class â–¾",Qualcomm Snapdragon 675,48 MP + 13 MP + 8 MP + 2 MP,32 MP + 8 MP,4100 mAh,Android v9.0 (Pie),Funtouch OS,Super AMOLED,1080 x 2400 pixels,"9.8 mm
Average â–¾",201.8,6.44 inches (16.36 cm),,"28,990"
139,Moto G60,Motorola,6 GB,"128 GB
Best in Class â–¾",Qualcomm Snapdragon 732G,108 MP + 8 MP + 2 MP,32 MP,6000 mAh,Android v11,Android,IPS LCD,1080 x 2460 pixels,"9.8 mm
Average â–¾",225.0,6.8 inches (17.27 cm),85%,"14,999"
140,Samsung Galaxy M13,Samsung,4 GB,"64 GB
Best in Class â–¾",Samsung Exynos 850,50 MP + 5 MP + 2 MP,8 MP,6000 mAh,Android v12,Samsung One UI,PLS LCD,1080 x 2408 pixels,"9.3 mm
Good â–¾",207.0,6.6 inches (16.76 cm),,"10,799"
141,Samsung Galaxy M04,Samsung,4 GB,"64 GB
Best in Class â–¾",MediaTek Helio P35,13 MP + 2 MP,5 MP,5000 mAh,Android v12,Samsung One UI,PLS LCD,720 x 1600 pixels,"9.1 mm
Good â–¾",188.0,6.5 inches (16.51 cm),,"7,299"
142,Infinix Zero 5G 2023 Turbo,Infinix,8 GB,"256 GB
Best in Class â–¾",MediaTek Dimensity 1080 MT6877V,50 MP + 2 MP + 2 MP,16 MP,5000 mAh,Android v12,XOS,IPS LCD,1080 x 2460 pixels,"8.77 mm
Good â–¾",199.0,6.78 inches (17.22 cm),92%,"17,999"
143,OnePlus 8T,OnePlus,8 GB,"128 GB
Best in Class â–¾",Qualcomm Snapdragon 865,48 MP + 16 MP + 5 MP + 2 MP,16 MP,4500 mAh,Android v11,Oxygen OS,Fluid AMOLED,1080 x 2400 pixels,"8.4 mm
Very Good â–¾",188.0,6.55 inches (16.64 cm),"Yes, HDR 10+","31,999"
144,Tecno Spark 10,Tecno,8 GB,"128 GB
Best in Class â–¾",MediaTek Helio G37,50 MP + 0.08 MP,8 MP,5000 mAh,Android v13,HiOS,IPS LCD,720 x 1612 pixels,"8.4 mm
Very Good â–¾",191.829315068493,6.6 inches (16.76 cm),,"11,699"
145,Nokia C32,Nokia,4 GB,"64 GB
Best in Class â–¾",Unisoc SC9863A1,50 MP + 2 MP,8 MP,5000 mAh,Android v13,Android,IPS LCD,720 x 1600 pixels,"8.5 mm
Very Good â–¾",199.4,6.51 inches (16.54 cm),,"8,999"
146,realme 10 Pro 5G 8GB RAM,realme,8 GB,"128 GB
Best in Class â–¾",Qualcomm Snapdragon 695,108 MP + 2 MP,16 MP,5000 mAh,Android v13,Realme UI,IPS LCD,1080 x 2400 pixels,"8.1 mm
Very Good â–¾",190.0,6.72 inches (17.07 cm),93.76%,"19,999"
147,Google Pixel 6,Google,8 GB,"128 GB
Best in Class â–¾",Google Tensor,50 MP + 12 MP,8 MP,4614 mAh,Android v12,Android,OLED,1080 x 2400 pixels,"8.9 mm
Good â–¾",207.0,6.4 inches (16.26 cm),90 Hz,"33,999"
148,realme C55 128GB,realme,8 GB,"128 GB
Best in Class â–¾",MediaTek Helio G88,64 MP + 2 MP,8 MP,5000 mAh,Android v13,Realme UI,IPS LCD,1080 x 2400 pixels,"7.8 mm
Very Good â–¾",189.5,6.72 inches (17.07 cm),91.40%,"13,799"
149,POCO X3,POCO,6 GB,"64 GB
Best in Class â–¾",Qualcomm Snapdragon 732G,64 MP + 13 MP + 2 MP + 2 MP,20 MP,6000 mAh,Android v10 (Q),MIUI,IPS LCD,1080 x 2400 pixels,"10.08 mm
Average â–¾",225.0,6.67 inches (16.94 cm),"Yes, HDR 10+","13,999"
150,OnePlus 11R 256GB,OnePlus,16 GB,"256 GB
Best in Class â–¾",Qualcomm Snapdragon 8 Plus Gen 1,50 MP + 8 MP + 2 MP,16 MP,5000 mAh,Android v13,Oxygen OS,Super Fluid AMOLED,1240 x 2772 pixels,"8.7 mm
Good â–¾",205.0,6.74 inches (17.12 cm),120 Hz,"44,999"
151,Xiaomi Redmi Note 11S,Xiaomi,6 GB,"64 GB
Best in Class â–¾",MediaTek Helio G96,108 MP + 8 MP + 2 MP + 2 MP,16 MP,5000 mAh,Android v11,MIUI,AMOLED,1080 x 2400 pixels,"8 mm
Very Good â–¾",179.0,6.43 inches (16.33 cm),90 Hz,"14,499"
152,iQOO 9,iQOO,8 GB,"128 GB
Best in Class â–¾",Qualcomm Snapdragon 888 Plus,48 MP + 13 MP + 13 MP,16 MP,4350 mAh,Android v12,Funtouch OS,AMOLED,1080 x 2376 pixels,"8.6 mm
Good â–¾",200.0,6.56 inches (16.66 cm),,"32,990"
153,Xiaomi Redmi Note 11 4G,Xiaomi,4 GB,"64 GB
Best in Class â–¾",Qualcomm Snapdragon 680,50 MP + 8 MP + 2 MP + 2 MP,13 MP,5000 mAh,Android v11,MIUI,AMOLED,1080 x 2400 pixels,"8 mm
Very Good â–¾",179.0,6.43 inches (16.33 cm),90 Hz,"12,199"
154,OPPO F21 Pro 5G,OPPO,8 GB,"128 GB
Best in Class â–¾",Qualcomm Snapdragon 695,64 MP + 2 MP + 2 MP,16 MP,4500 mAh,Android v12,ColorOS,AMOLED,1080 x 2400 pixels,"7.5 mm
Very Good â–¾",173.0,6.43 inches (16.33 cm),60 Hz,"25,999"
155,Samsung Galaxy F14 5G 6GB RAM,Samsung,6 GB,"128 GB
Best in Class â–¾",Samsung Exynos 1330,50 MP + 2 MP,13 MP,6000 mAh,Android v13,Samsung One UI,PLS LCD,1080 x 2408 pixels,"9.4 mm
Average â–¾",206.0,6.6 inches (16.76 cm),,"14,490"
156,Samsung Galaxy M14 6GB RAM,Samsung,6 GB,"128 GB
Best in Class â–¾",Samsung Exynos 1330,50 MP + 2 MP + 2 MP,13 MP,6000 mAh,Android v13,Samsung One UI,PLS LCD,1080 x 2408 pixels,"9.4 mm
Average â–¾",206.0,6.6 inches (16.76 cm),,"14,990"
157,Infinix Zero Ultra,Infinix,8 GB,"256 GB
Best in Class â–¾",MediaTek Dimensity 920 MT6877T,200 MP + 13 MP + 2 MP,32 MP,4500 mAh,Android v12,XOS,AMOLED,1080 x 2400 pixels,"8.7 mm
Good â–¾",213.0,6.8 inches (17.27 cm),91.40%,"29,999"
158,Samsung Galaxy A14,Samsung,4 GB,"64 GB
Best in Class â–¾",Samsung Exynos 8 Octa 850,50 MP + 5 MP + 2 MP,13 MP,5000 mAh,Android v13,Samsung One UI,PLS LCD,1080 x 2408 pixels,"9.1 mm
Good â–¾",201.0,6.6 inches (16.76 cm),,"13,999"
159,Samsung Galaxy M52 5G,Samsung,6 GB,"128 GB
Best in Class â–¾",Qualcomm Snapdragon 778G,64 MP + 12 MP + 5 MP,32 MP,5000 mAh,Android v11,Samsung One UI,Super AMOLED Plus,1080 x 2400 pixels,"7.4 mm
Very Good â–¾",173.0,6.7 inches (17.02 cm),,"24,950"
160,Samsung Galaxy S23 Plus 5G,Samsung,8 GB,"256 GB
Best in Class â–¾",Qualcomm Snapdragon 8 Gen 2,50 MP + 12 MP + 10 MP,12 MP,4700 mAh,Android v13,Samsung One UI,Dynamic AMOLED,1080 x 2340 pixels,"7.6 mm
Very Good â–¾",195.0,6.6 inches (16.76 cm),"Yes, HDR 10+","94,999"
161,Samsung Galaxy F04,Samsung,4 GB,"64 GB
Best in Class â–¾",MediaTek Helio P35,13 MP + 2 MP,5 MP,5000 mAh,Android v12,Samsung One UI,PLS LCD,720 x 1600 pixels,"9.1 mm
Good â–¾",188.0,6.5 inches (16.51 cm),,"8,495"
162,Xiaomi Redmi 9 Prime,Xiaomi,4 GB,"64 GB
Best in Class â–¾",MediaTek Helio G80,13 MP + 8 MP + 5 MP + 2 MP,8 MP,5020 mAh,Android v10 (Q),MIUI,IPS LCD,1080 x 2340 pixels,"9.1 mm
Good â–¾",198.0,6.53 inches (16.59 cm),60 Hz,"10,499"
163,realme 9 Pro,realme,6 GB,"128 GB
Best in Class â–¾",Qualcomm Snapdragon 695,64 MP + 8 MP + 2 MP,16 MP,5000 mAh,Android v12,Realme UI,IPS LCD,1080 x 2412 pixels,"8.5 mm
Very Good â–¾",195.0,6.6 inches (16.76 cm),90.80%,"18,999"
164,OPPO A17,OPPO,4 GB,"64 GB
Best in Class â–¾",MediaTek Helio G35,50 MP + 2 MP,5 MP,5000 mAh,Android v12,ColorOS,IPS LCD,720 x 1612 pixels,"8.3 mm
Very Good â–¾",189.0,6.56 inches (16.66 cm),60 Hz,"12,075"
165,Tecno Spark 10 5G,Tecno,4 GB,"64 GB
Best in Class â–¾",MediaTek Dimensity 6020,50 MP + 0.08 MP,8 MP,5000 mAh,Android v13,HiOS,IPS LCD,720 x 1612 pixels,"8.4 mm
Very Good â–¾",191.829315068493,6.6 inches (16.76 cm),,"12,499"
166,Samsung Galaxy S10,Samsung,8 GB,"128 GB
Best in Class â–¾",Samsung Exynos 9 Octa 9820,12 MP + 12 MP + 16 MP,10 MP,3400 mAh,Android v9.0 (Pie),Samsung One UI,Dynamic AMOLED,1440 x 3040 pixels,"7.8 mm
Very Good â–¾",157.0,6.1 inches (15.49 cm),,"31,599"
167,Apple iPhone 12 Mini,Apple,4 GB,"64 GB
Best in Class â–¾",Apple A14 Bionic,12 MP + 12 MP,12 MP,2227 mAh,iOS v14,iOS,OLED,1080 x 2340 pixels,"7.4 mm
Very Good â–¾",133.0,5.4 inches (13.72 cm),Yes,"50,999"
168,OnePlus 9 Pro,OnePlus,8 GB,"128 GB
Best in Class â–¾",Qualcomm Snapdragon 888,48 MP + 50 MP + 8 MP + 2 MP,16 MP,4500 mAh,Android v11,Oxygen OS,Fluid AMOLED,1440 x 3216 pixels,"8.7 mm
Good â–¾",197.0,6.7 inches (17.02 cm),"Yes, HDR 10+","49,999"
169,Infinix Zero 5G 2023,Infinix,8 GB,"128 GB
Best in Class â–¾",MediaTek Dimensity 920 MT6877T,50 MP + 2 MP + 2 MP,16 MP,5000 mAh,Android v12,XOS,IPS LCD,1080 x 2460 pixels,"8.77 mm
Good â–¾",199.0,6.78 inches (17.22 cm),92%,"15,999"
170,vivo Y75,vivo,8 GB,"128 GB
Best in Class â–¾",MediaTek Helio G96,50 MP + 8 MP + 2 MP,44 MP,4050 mAh,Android v12,Funtouch OS,AMOLED,1080 x 2400 pixels,"7.3 mm
Excellent â–¾",172.0,6.44 inches (16.36 cm),,"16,999"
171,realme 9 5G,realme,4 GB,"64 GB
Best in Class â–¾",MediaTek Dimensity 810,48 MP + 2 MP + 2 MP,16 MP,5000 mAh,Android v11,Realme UI,IPS LCD,1080 x 2400 pixels,"8.5 mm
Very Good â–¾",188.0,6.5 inches (16.51 cm),90.50%,"15,999"
172,Apple iPhone 13 Pro,Apple,6 GB,"128 GB
Best in Class â–¾",Apple A15 Bionic,12 MP + 12 MP + 12 MP,12 MP,3095 mAh,iOS v15,iOS,OLED,1170 x 2532 pixels,"7.6 mm
Very Good â–¾",203.0,6.1 inches (15.49 cm),"Yes, HDR 10+","119,900"
173,OPPO F21s Pro 5G,OPPO,8 GB,"128 GB
Best in Class â–¾",Qualcomm Snapdragon 695,64 MP + 2 MP + 2 MP,16 MP,4500 mAh,Android v12,ColorOS,AMOLED,1080 x 2400 pixels,"7.6 mm
Very Good â–¾",181.0,6.43 inches (16.33 cm),60 Hz,"21,999"
174,Samsung Galaxy F62,Samsung,6 GB,"128 GB
Best in Class â–¾",Samsung Exynos 9 Octa 9825,64 MP + 12 MP + 5 MP + 5 MP,32 MP,7000 mAh,Android v11,Samsung One UI,Super AMOLED Plus,1080 x 2400 pixels,"9.5 mm
Average â–¾",218.0,6.7 inches (17.02 cm),60 Hz,"23,999"
175,realme GT 2 Pro 5G,realme,8 GB,"128 GB
Best in Class â–¾",Qualcomm Snapdragon 8 Gen 1,50 MP + 50 MP + 2 MP,32 MP,5000 mAh,Android v12,Realme UI,AMOLED,1440 x 3216 pixels,"8.1 mm
Very Good â–¾",189.0,6.7 inches (17.02 cm),"Yes, HDR 10+","39,999"
176,OPPO Find N2 Flip,OPPO,8 GB,"256 GB
Best in Class â–¾",MediaTek Dimensity 9000 Plus MT6983,50 MP + 8 MP,32 MP,4300 mAh,Android v13,ColorOS,AMOLED,1080 x 2520 pixels,"7.4 mm
Very Good â–¾",191.0,6.8 inches (17.27 cm),"Yes, HDR 10+","89,999"
177,OPPO K10 5G,OPPO,8 GB,"128 GB
Best in Class â–¾",MediaTek Dimensity 810 MT6833,48 MP + 2 MP,8 MP,5000 mAh,Android v12,ColorOS,IPS LCD,720 x 1612 pixels,"7.9 mm
Very Good â–¾",190.0,6.56 inches (16.66 cm),89.80%,"17,499"
178,Xiaomi Mi 11X,Xiaomi,6 GB,"128 GB
Best in Class â–¾",Qualcomm Snapdragon 870,48 MP + 8 MP + 5 MP,20 MP,4520 mAh,Android v11,MIUI,AMOLED,1080 x 2400 pixels,"7.8 mm
Very Good â–¾",196.0,6.67 inches (16.94 cm),"Yes, HDR 10+","23,990"
179,POCO C50,POCO,2 GB,"32 GB
Excellent â–¾",MediaTek Helio A22,8 MP + 0.08 MP,5 MP,5000 mAh,Android v12,Android Go,IPS LCD,720 x 1600 pixels,"9 mm
Good â–¾",192.0,6.52 inches (16.56 cm),,"5,925"
180,Infinix Smart 7,Infinix,4 GB,"64 GB
Best in Class â–¾",Unisoc SC9863A,13 MP + 0.3 MP,5 MP,6000 mAh,Android v12,XOS,IPS LCD,720 x 1612 pixels,"9.3 mm
Good â–¾",207.0,6.6 inches (16.76 cm),,"7,679"
181,OnePlus Nord CE 2 5G 8GB RAM,OnePlus,8 GB,"128 GB
Best in Class â–¾",MediaTek Dimensity 900 MT6877,64 MP + 8 MP + 2 MP,16 MP,4500 mAh,Android v11,Oxygen OS,Fluid AMOLED,1080 x 2400 pixels,"7.8 mm
Very Good â–¾",173.0,6.43 inches (16.33 cm),90 Hz,"24,998"
182,POCO X3 Pro,POCO,6 GB,"128 GB
Best in Class â–¾",Qualcomm Snapdragon 860,48 MP + 8 MP + 2 MP + 2 MP,20 MP,5160 mAh,Android v11,MIUI,IPS LCD,1080 x 2400 pixels,"9.4 mm
Average â–¾",215.0,6.67 inches (16.94 cm),"Yes, HDR 10+","23,999"
183,Infinix Note 12 Pro,Infinix,8 GB,"128 GB
Best in Class â–¾",MediaTek Dimensity 810 MT6833,108 MP + 2 MP + 2 MP,16 MP,5000 mAh,Android v12,XOS,AMOLED,1080 x 2400 pixels,"7.9 mm
Very Good â–¾",188.0,6.7 inches (17.02 cm),60 Hz,"19,990"
184,Samsung Galaxy A52,Samsung,6 GB,"128 GB
Best in Class â–¾",Qualcomm Snapdragon 720G,64 MP + 12 MP + 5 MP + 5 MP,32 MP,4500 mAh,Android v11,Samsung One UI,Super AMOLED,1080 x 2400 pixels,"8.4 mm
Very Good â–¾",189.0,6.5 inches (16.51 cm),,"24,999"
185,Samsung Galaxy Z Fold 4 5G,Samsung,12 GB,"256 GB
Best in Class â–¾",Qualcomm Snapdragon 8 Plus Gen 1,50 MP + 12 MP + 10 MP,10 MP + 4 MP,4400 mAh,Android v12L,Samsung One UI,Dynamic AMOLED,1812 x 2176 pixels,"6.3 mm
Excellent â–¾",263.0,7.6 inches (19.3 cm),"Yes, HDR 10+","118,000"
186,Tecno Spark Go 2023,Tecno,3 GB,"32 GB
Excellent â–¾",MediaTek Helio A22,13 MP + 0.08 MP,5 MP,5000 mAh,Android v12,HiOS,IPS LCD,720 x 1612 pixels,"8.9 mm
Good â–¾",191.829315068493,6.56 inches (16.66 cm),90%,"6,999"
187,Apple iPhone 13 Pro Max,Apple,6 GB,"128 GB
Best in Class â–¾",Apple A15 Bionic,12 MP + 12 MP + 12 MP,12 MP,4352 mAh,iOS v15,iOS,OLED,1284 x 2778 pixels,"7.6 mm
Very Good â–¾",238.0,6.7 inches (17.02 cm),"Yes, HDR 10+","116,990"
188,OnePlus Nord CE 3 Lite 5G,OnePlus,8 GB,"128 GB
Best in Class Ã¢â€“Â¾",Qualcomm Snapdragon 695,108 MP + 2 MP + 2 MP,16 MP,5000 mAh,Android v13,Oxygen OS,IPS LCD,1080 x 2400 pixels,"8.3 mm
Very Good Ã¢â€“Â¾",195.0,6.72 inches (17.07 cm),680 nits,19999
189,Samsung Galaxy F54 5G,Samsung,8 GB,"256 GB
Best in Class Ã¢â€“Â¾",Samsung Exynos 1380,108 MP + 8 MP + 2 MP,32 MP,6000 mAh,Android v13,Samsung One UI,Super AMOLED Plus,1080 x 2400 pixels,"8.4 mm
Very Good Ã¢â€“Â¾",199.0,6.7 inches (17.02 cm),,29999
190,realme 10 Pro Plus 5G,realme,6 GB,"128 GB
Best in Class Ã¢â€“Â¾",MediaTek Dimensity 1080 MT6877V,108 MP + 8 MP + 2 MP,16 MP,5000 mAh,Android v13,Realme UI,AMOLED,1080 x 2412 pixels,"7.7 mm
Very Good Ã¢â€“Â¾",172.5,6.7 inches (17.02 cm),"Yes, HDR 10+",24814
191,realme Narzo N53,realme,4 GB,"64 GB
Best in Class Ã¢â€“Â¾",Unisoc T612,50 MP,8 MP,5000 mAh,Android v13,Realme UI,IPS LCD,1080 x 2400 pixels,"7.4 mm
Very Good Ã¢â€“Â¾",182.0,6.74 inches (17.12 cm),90.30%,8999
192,OnePlus 11R,OnePlus,8 GB,"128 GB
Best in Class Ã¢â€“Â¾",Qualcomm Snapdragon 8 Plus Gen 1,50 MP + 8 MP + 2 MP,16 MP,5000 mAh,Android v13,Oxygen OS,Super Fluid AMOLED,1240 x 2772 pixels,"8.7 mm
Good Ã¢â€“Â¾",205.0,6.74 inches (17.12 cm),"Yes, HDR 10+",39999
193,,,,,,,,,,,,,,,,,
194,vivo T2x,vivo,4 GB,"128 GB
Best in Class Ã¢â€“Â¾",MediaTek Dimensity 6020,50 MP + 2 MP,8 MP,5000 mAh,Android v13,Funtouch OS,IPS LCD,1080 x 2408 pixels,"8.1 mm
Very Good Ã¢â€“Â¾",184.0,6.58 inches (16.71 cm),60 Hz,12999
195,Samsung Galaxy S21 FE,Samsung,8 GB,"128 GB
Best in Class Ã¢â€“Â¾",Samsung Exynos 2100,12 MP + 12 MP + 8 MP,32 MP,4500 mAh,Android v12,Samsung One UI,Dynamic AMOLED,1080 x 2340 pixels,"7.9 mm
Very Good Ã¢â€“Â¾",177.0,6.4 inches (16.26 cm),1200 nits,33900
196,realme C55,realme,4 GB,"64 GB
Best in Class Ã¢â€“Â¾",MediaTek Helio G88,64 MP + 2 MP,8 MP,5000 mAh,Android v13,Realme UI,IPS LCD,1080 x 2400 pixels,"7.8 mm
Very Good Ã¢â€“Â¾",189.5,6.72 inches (17.07 cm),90 Hz,10999
197,realme 10 Pro 5G,realme,6 GB,"128 GB
Best in Class Ã¢â€“Â¾",Qualcomm Snapdragon 695,108 MP + 2 MP,16 MP,5000 mAh,Android v13,Realme UI,IPS LCD,1080 x 2400 pixels,"8.1 mm
Very Good Ã¢â€“Â¾",190.0,6.72 inches (17.07 cm),120 Hz,18999
198,vivo V27 Pro,vivo,8 GB,"128 GB
Best in Class Ã¢â€“Â¾",MediaTek Dimensity 8200 MT6896Z,50 MP + 8 MP + 2 MP,50 MP,4600 mAh,Android v13,Funtouch OS,AMOLED,1080 x 2400 pixels,"7.3 mm
Excellent Ã¢â€“Â¾",182.0,6.78 inches (17.22 cm),120 Hz,37999
199,realme Narzo N55,realme,4 GB,"64 GB
Best in Class Ã¢â€“Â¾",MediaTek Helio G88,64 MP + 2 MP,8 MP,5000 mAh,Android v13,Realme UI,IPS LCD,1080 x 2400 pixels,"7.8 mm
Very Good Ã¢â€“Â¾",189.5,6.72 inches (17.07 cm),90 Hz,10999
200,OnePlus Nord 2T 5G,OnePlus,8 GB,"128 GB
Best in Class Ã¢â€“Â¾",MediaTek Dimensity 1300 MT6893,50 MP + 8 MP + 2 MP,32 MP,4500 mAh,Android v12,Oxygen OS,AMOLED,1080 x 2400 pixels,"8.2 mm
Very Good Ã¢â€“Â¾",190.0,6.43 inches (16.33 cm),"Yes, HDR 10+",28999
201,iQOO Neo 6 5G,iQOO,8 GB,"128 GB
Best in Class Ã¢â€“Â¾",Qualcomm Snapdragon 870,64 MP + 8 MP + 2 MP,16 MP,4700 mAh,Android v12,Funtouch OS,AMOLED,1080 x 2400 pixels,"8.5 mm
Very Good Ã¢â€“Â¾",190.0,6.62 inches (16.81 cm),1300 nits,24999
202,realme GT Neo 3T 5G,realme,6 GB,"128 GB
Best in Class Ã¢â€“Â¾",Qualcomm Snapdragon 870,64 MP + 8 MP + 2 MP,16 MP,5000 mAh,Android v12,Realme UI,AMOLED,1080 x 2400 pixels,"8.6 mm
Good Ã¢â€“Â¾",194.5,6.62 inches (16.81 cm),1300 nits,22999
203,OnePlus 11,OnePlus,8 GB,"128 GB
Best in Class Ã¢â€“Â¾",Qualcomm Snapdragon 8 Gen 2,50 MP + 48 MP + 32 MP,16 MP,5000 mAh,Android v13,Oxygen OS,Super Fluid AMOLED,1440 x 3216 pixels,"8.5 mm
Very Good Ã¢â€“Â¾",205.0,6.7 inches (17.02 cm),1300 nits,56999
204,Apple iPhone 14 Pro Max,Apple,6 GB,"128 GB
Best in Class Ã¢â€“Â¾",Apple A16 Bionic,48 MP + 12 MP + 12 MP,12 MP,4323 mAh,iOS v16,iOS,OLED,1290 x 2796 pixels,"7.8 mm
Very Good Ã¢â€“Â¾",240.0,6.7 inches (17.02 cm),2000 nits,127999
205,OnePlus Nord CE 2 Lite 5G,OnePlus,6 GB,"128 GB
Best in Class Ã¢â€“Â¾",Qualcomm Snapdragon 695,64 MP + 2 MP + 2 MP,16 MP,5000 mAh,Android v12,Oxygen OS,IPS LCD,1080 x 2412 pixels,"8.5 mm
Very Good Ã¢â€“Â¾",195.0,6.59 inches (16.74 cm),,17990
206,Xiaomi Redmi Note 12 Pro Plus 5G,Xiaomi,8 GB,"256 GB
Best in Class Ã¢â€“Â¾",MediaTek Dimensity 1080 MT6877V,200 MP + 8 MP + 2 MP,16 MP,4980 mAh,Android v12,MIUI,AMOLED,1080 x 2400 pixels,"8.9 mm
Good Ã¢â€“Â¾",208.4,6.67 inches (16.94 cm),900 nits,29999
207,Samsung Galaxy F14 5G,Samsung,4 GB,"128 GB
Best in Class Ã¢â€“Â¾",Samsung Exynos 1330,50 MP + 2 MP,13 MP,6000 mAh,Android v13,Samsung One UI,PLS LCD,1080 x 2408 pixels,"9.4 mm
Average Ã¢â€“Â¾",205.0,6.6 inches (16.76 cm),90 Hz,13490
208,Samsung Galaxy M14,Samsung,4 GB,"128 GB
Best in Class Ã¢â€“Â¾",Samsung Exynos 1330,50 MP + 2 MP + 2 MP,13 MP,6000 mAh,Android v13,Samsung One UI,PLS LCD,1080 x 2408 pixels,"9.4 mm
Average Ã¢â€“Â¾",206.0,6.6 inches (16.76 cm),,13490
209,OPPO F23,OPPO,8 GB,"256 GB
Best in Class Ã¢â€“Â¾",Qualcomm Snapdragon 695,64 MP + 2 MP + 2 MP,32 MP,5000 mAh,Android v13,ColorOS,LTPS LCD,1080 x 2400 pixels,"8.2 mm
Very Good Ã¢â€“Â¾",192.0,6.72 inches (17.07 cm),120 Hz,24999
210,OnePlus 10R 5G,OnePlus,8 GB,"128 GB
Best in Class Ã¢â€“Â¾",MediaTek Dimensity 8100 Max,50 MP + 8 MP + 2 MP,16 MP,5000 mAh,Android v12,Oxygen OS,Fluid AMOLED,1080 x 2412 pixels,"8.2 mm
Very Good Ã¢â€“Â¾",186.0,6.7 inches (17.02 cm),950 nits,34999
211,Xiaomi 13 Pro,Xiaomi,12 GB,"256 GB
Best in Class Ã¢â€“Â¾",Qualcomm Snapdragon 8 Gen 2,50 MP + 50 MP + 50 MP,32 MP,4820 mAh,Android v13,MIUI,AMOLED,1440 x 3200 pixels,"8.3 mm
Very Good Ã¢â€“Â¾",229.0,6.73 inches (17.09 cm),1900 nits,79999
212,Samsung Galaxy S20 FE 5G,Samsung,8 GB,"128 GB
Best in Class Ã¢â€“Â¾",Qualcomm Snapdragon 865,12 MP + 8 MP + 12 MP,32 MP,4500 mAh,Android v11,Samsung One UI,Super AMOLED,1080 x 2400 pixels,"8.4 mm
Very Good Ã¢â€“Â¾",190.0,6.5 inches (16.51 cm),"Yes, HDR 10+",26979
213,Apple iPhone 14,Apple,6 GB,"128 GB
Best in Class Ã¢â€“Â¾",Apple A15 Bionic,12 MP + 12 MP,12 MP,3279 mAh,iOS v16,iOS,OLED,1170 x 2532 pixels,"7.8 mm
Very Good Ã¢â€“Â¾",172.0,6.1 inches (15.49 cm),1200 nits,69999
214,OnePlus Nord CE 3 Lite 5G 256GB,OnePlus,8 GB,"256 GB
Best in Class Ã¢â€“Â¾",Qualcomm Snapdragon 695,108 MP + 2 MP + 2 MP,16 MP,5000 mAh,Android v13,Oxygen OS,IPS LCD,1080 x 2400 pixels,"8.3 mm
Very Good Ã¢â€“Â¾",195.0,6.72 inches (17.07 cm),680 nits,21999
215,Nothing Phone 1,Nothing,8 GB,"128 GB
Best in Class Ã¢â€“Â¾",Qualcomm Snapdragon 778G Plus,50 MP + 50 MP,16 MP,4500 mAh,Android v12,Android,OLED,1080 x 2400 pixels,"8.3 mm
Very Good Ã¢â€“Â¾",193.5,6.55 inches (16.64 cm),1200 nits,29999
216,Google Pixel 7A,Google,8 GB,"128 GB
Best in Class Ã¢â€“Â¾",Google Tensor G2,64 MP + 13 MP,13 MP,4385 mAh,Android v13,Android,OLED,1080 x 2400 pixels,"9 mm
Good Ã¢â€“Â¾",193.5,6.1 inches (15.49 cm),"Yes, HDR 10+",43999
217,POCO X5 Pro,POCO,6 GB,"128 GB
Best in Class Ã¢â€“Â¾",Qualcomm Snapdragon 778G,108 MP + 8 MP + 2 MP,16 MP,5000 mAh,Android v12,MIUI,AMOLED,1080 x 2400 pixels,"7.9 mm
Very Good Ã¢â€“Â¾",181.0,6.67 inches (16.94 cm),900 nits,21999
218,Samsung Galaxy F23 5G,Samsung,4 GB,"128 GB
Best in Class Ã¢â€“Â¾",Qualcomm Snapdragon 750G,50 MP + 8 MP + 2 MP,8 MP,5000 mAh,Android v12,Samsung One UI,TFT,1080 x 2408 pixels,"8.4 mm
Very Good Ã¢â€“Â¾",198.0,6.6 inches (16.76 cm),120 Hz,14499
219,Apple iPhone 13,Apple,4 GB,"128 GB
Best in Class Ã¢â€“Â¾",Apple A15 Bionic,12 MP + 12 MP,12 MP,3227 mAh,iOS v15,iOS,OLED,1170 x 2532 pixels,"7.6 mm
Very Good Ã¢â€“Â¾",173.0,6.1 inches (15.49 cm),800 nits,61999
220,vivo Y100,vivo,8 GB,"128 GB
Best in Class Ã¢â€“Â¾",MediaTek Dimensity 900 MT6877,64 MP + 2 MP + 2 MP,16 MP,4500 mAh,Android v13,Funtouch OS,AMOLED,1080 x 2400 pixels,"7.7 mm
Very Good Ã¢â€“Â¾",181.0,6.38 inches (16.21 cm),"Yes, HDR 10+",23999
221,Samsung Galaxy S23 5G,Samsung,8 GB,"128 GB
Best in Class Ã¢â€“Â¾",Qualcomm Snapdragon 8 Gen 2,50 MP + 12 MP + 10 MP,12 MP,3900 mAh,Android v13,Samsung One UI,Dynamic AMOLED,1080 x 2340 pixels,"7.6 mm
Very Good Ã¢â€“Â¾",168.0,6.1 inches (15.49 cm),1750 nits,74998
222,Samsung Galaxy S22 Ultra,Samsung,12 GB,"256 GB
Best in Class Ã¢â€“Â¾",Qualcomm Snapdragon 8 Gen 1,108 MP + 12 MP + 10 MP + 10 MP,40 MP,5000 mAh,Android v12,Samsung One UI,Dynamic AMOLED,1440 x 3088 pixels,"8.9 mm
Good Ã¢â€“Â¾",228.0,6.8 inches (17.27 cm),1750 nits,84360
223,OPPO A78 5G,OPPO,8 GB,"128 GB
Best in Class Ã¢â€“Â¾",MediaTek Dimensity 700 MT6833,50 MP + 2 MP,8 MP,5000 mAh,Android v13,ColorOS,IPS LCD,720 x 1612 pixels,"7.9 mm
Very Good Ã¢â€“Â¾",188.0,6.56 inches (16.66 cm),90 Hz,18690
224,OPPO Reno8 T 5G,OPPO,8 GB,"128 GB
Best in Class Ã¢â€“Â¾",Qualcomm Snapdragon 695,108 MP + 2 MP + 2 MP,32 MP,4800 mAh,Android v13,ColorOS,AMOLED,1080 x 2412 pixels,"7.7 mm
Very Good Ã¢â€“Â¾",171.0,6.7 inches (17.02 cm),950 nits,29999
225,Motorola Edge 30,Motorola,6 GB,"128 GB
Best in Class Ã¢â€“Â¾",Qualcomm Snapdragon 778G Plus,50 MP + 50 MP + 2 MP,32 MP,4020 mAh,Android v12,Android,P-OLED,1080 x 2400 pixels,"6.7 mm
Excellent Ã¢â€“Â¾",155.0,6.5 inches (16.51 cm),500 nits,30990
226,iQOO Z6 Lite 5G,iQOO,4 GB,"64 GB
Best in Class Ã¢â€“Â¾",Qualcomm Snapdragon 4 Gen 1,50 MP + 2 MP,8 MP,5000 mAh,Android v12,Funtouch OS,IPS LCD,1080 x 2408 pixels,"8.2 mm
Very Good Ã¢â€“Â¾",194.0,6.58 inches (16.71 cm),90.61%,13999
227,Xiaomi Redmi Note 11 Pro Plus 5G,Xiaomi,6 GB,"128 GB
Best in Class Ã¢â€“Â¾",Qualcomm Snapdragon 695,108 MP + 8 MP + 2 MP,16 MP,5000 mAh,Android v11,MIUI,AMOLED,1080 x 2400 pixels,"8.1 mm
Very Good Ã¢â€“Â¾",202.0,6.67 inches (16.94 cm),1200 nits,20949
228,Samsung Galaxy A34,Samsung,6 GB,"128 GB
Best in Class Ã¢â€“Â¾",MediaTek Dimensity 1080 MT6877V,48 MP + 8 MP + 5 MP,13 MP,5000 mAh,Android v13,Samsung One UI,Super AMOLED,1080 x 2340 pixels,"8.2 mm
Very Good Ã¢â€“Â¾",199.0,6.6 inches (16.76 cm),,30200
229,Google Pixel 6A,Google,6 GB,"128 GB
Best in Class Ã¢â€“Â¾",Google Tensor,12.2 MP + 12 MP,8 MP,4410 mAh,Android v12,Android,OLED,1080 x 2400 pixels,"8.9 mm
Good Ã¢â€“Â¾",178.0,6.1 inches (15.49 cm),"Yes, HDR 10+",29929
230,Samsung Galaxy M33 5G,Samsung,6 GB,"128 GB
Best in Class Ã¢â€“Â¾",Samsung Exynos 1280,50 MP + 5 MP + 2 MP + 2 MP,8 MP,6000 mAh,Android v12,Samsung One UI,TFT,1080 x 2408 pixels,"9.4 mm
Average Ã¢â€“Â¾",215.0,6.6 inches (16.76 cm),120 Hz,15499
231,Xiaomi Redmi K50i,Xiaomi,6 GB,"128 GB
Best in Class Ã¢â€“Â¾",MediaTek Dimensity 8100 MT6895Z,64 MP + 8 MP + 2 MP,16 MP,5080 mAh,Android v12,MIUI,IPS LCD,1080 x 2460 pixels,"8.8 mm
Good Ã¢â€“Â¾",200.0,6.6 inches (16.76 cm),650 nits,20999
232,realme Narzo 50 Pro 5G,realme,6 GB,"128 GB
Best in Class Ã¢â€“Â¾",MediaTek Dimensity 920 MT6877T,48 MP + 8 MP + 2 MP,16 MP,5000 mAh,Android v12,Realme UI,Super AMOLED,1080 x 2400 pixels,"7.99 mm
Very Good Ã¢â€“Â¾",181.0,6.4 inches (16.26 cm),1000 nits,18467
233,vivo X90 5G,vivo,8 GB,"256 GB
Best in Class Ã¢â€“Â¾",MediaTek Dimensity 9200 MT6985,50 MP + 12 MP + 12 MP,32 MP,4810 mAh,Android v13,Funtouch OS,AMOLED,1260 x 2800 pixels,"8.4 mm
Very Good Ã¢â€“Â¾",200.0,6.78 inches (17.22 cm),1300 nits,59999
234,Xiaomi Redmi 12C,Xiaomi,4 GB,"64 GB
Best in Class Ã¢â€“Â¾",MediaTek Helio G85,50 MP + 0.08 MP,5 MP,5000 mAh,Android v12,MIUI,IPS LCD,720 x 1650 pixels,"8.7 mm
Good Ã¢â€“Â¾",192.0,6.71 inches (17.04 cm),60 Hz,8799
235,Samsung Galaxy A73 5G,Samsung,8 GB,"128 GB
Best in Class Ã¢â€“Â¾",Qualcomm Snapdragon 778G,108 MP + 12 MP + 5 MP + 5 MP,32 MP,5000 mAh,Android v12,Samsung One UI,Super AMOLED Plus,1080 x 2400 pixels,"7.6 mm
Very Good Ã¢â€“Â¾",181.0,6.7 inches (17.02 cm),120 Hz,36100
236,POCO C55,POCO,4 GB,"64 GB
Best in Class Ã¢â€“Â¾",MediaTek Helio G85,50 MP + 2 MP,5 MP,5000 mAh,Android v12,MIUI,IPS LCD,720 x 1650 pixels,"8.7 mm
Good Ã¢â€“Â¾",192.0,6.71 inches (17.04 cm),,7999
237,Apple iPhone 11,Apple,4 GB,"64 GB
Best in Class Ã¢â€“Â¾",Apple A13 Bionic,12 MP + 12 MP,12 MP,3110 mAh,iOS v13.0,iOS,IPS LCD,828 x 1792 pixels,"8.3 mm
Very Good Ã¢â€“Â¾",194.0,6.1 inches (15.49 cm),625 nits,40999
238,Xiaomi Redmi 11 Prime 5G,Xiaomi,4 GB,"64 GB
Best in Class Ã¢â€“Â¾",MediaTek Dimensity 700 MT6833,50 MP + 2 MP,8 MP,5000 mAh,Android v12,MIUI,IPS LCD,1080 x 2408 pixels,"8.9 mm
Good Ã¢â€“Â¾",200.0,6.58 inches (16.71 cm),90 Hz,12999
239,Samsung Galaxy A23 5G,Samsung,6 GB,"128 GB
Best in Class Ã¢â€“Â¾",Qualcomm Snapdragon 695,50 MP + 5 MP + 2 MP + 2 MP,8 MP,5000 mAh,Android v13,Samsung One UI,PLS LCD,1080 x 2408 pixels,"8.4 mm
Very Good Ã¢â€“Â¾",197.0,6.6 inches (16.76 cm),120 Hz,21300
240,Samsung Galaxy F13,Samsung,4 GB,"64 GB
Best in Class Ã¢â€“Â¾",Samsung Exynos 8 Octa 850,50 MP + 5 MP + 2 MP,8 MP,6000 mAh,Android v12,Samsung One UI,PLS LCD,1080 x 2408 pixels,"9.3 mm
Good Ã¢â€“Â¾",207.0,6.6 inches (16.76 cm),60 Hz,9699
241,Moto G62 5G,Motorola,6 GB,"128 GB
Best in Class Ã¢â€“Â¾",Qualcomm Snapdragon 695,50 MP + 8 MP + 2 MP,16 MP,5000 mAh,Android v12,Android,IPS LCD,1080 x 2400 pixels,"8.5 mm
Very Good Ã¢â€“Â¾",184.0,6.5 inches (16.51 cm),89.70%,16850
242,vivo T1 44W,vivo,4 GB,"128 GB
Best in Class Ã¢â€“Â¾",Qualcomm Snapdragon 680,50 MP + 2 MP + 2 MP,16 MP,5000 mAh,Android v12,Funtouch OS,AMOLED,1080 x 2400 pixels,"8.4 mm
Very Good Ã¢â€“Â¾",182.0,6.44 inches (16.36 cm),,14349
243,realme C35,realme,4 GB,"64 GB
Best in Class Ã¢â€“Â¾",Unisoc T616,50 MP + 2 MP + 0.3 MP,8 MP,5000 mAh,Android v11,Realme UI,IPS LCD,1080 x 2408 pixels,"8.1 mm
Very Good Ã¢â€“Â¾",189.0,6.6 inches (16.76 cm),60 Hz,11999
244,Moto G42,Motorola,4 GB,"64 GB
Best in Class Ã¢â€“Â¾",Qualcomm Snapdragon 680,50 MP + 8 MP + 2 MP,16 MP,5000 mAh,Android v12,Android,AMOLED,1080 x 2400 pixels,"8.2 mm
Very Good Ã¢â€“Â¾",174.5,6.4 inches (16.26 cm),90.90%,10149
245,vivo X90 Pro,vivo,12 GB,"256 GB
Best in Class Ã¢â€“Â¾",MediaTek Dimensity 9200 MT6985,50 MP + 12 MP + 50 MP,32 MP,4870 mAh,Android v13,Funtouch OS,AMOLED,1260 x 2800 pixels,"9.3 mm
Good Ã¢â€“Â¾",214.8,6.78 inches (17.22 cm),1300 nits,84999
246,OPPO Reno8 5G,OPPO,8 GB,"128 GB
Best in Class Ã¢â€“Â¾",MediaTek Dimensity 1300 MT6893Z,50 MP + 8 MP + 2 MP,32 MP,4500 mAh,Android v12,ColorOS,AMOLED,1080 x 2400 pixels,"7.6 mm
Very Good Ã¢â€“Â¾",179.0,6.4 inches (16.26 cm),800 nits,29999
247,POCO X5,POCO,6 GB,"128 GB
Best in Class Ã¢â€“Â¾",Qualcomm Snapdragon 695,48 MP + 8 MP + 2 MP,13 MP,5000 mAh,Android v12,MIUI,Super AMOLED,1080 x 2400 pixels,"7.9 mm
Very Good Ã¢â€“Â¾",188.0,6.67 inches (16.94 cm),1200 nits,15999
248,POCO X4 Pro,POCO,6 GB,"64 GB
Best in Class Ã¢â€“Â¾",Qualcomm Snapdragon 695,64 MP + 8 MP + 2 MP,16 MP,5000 mAh,Android v11,MIUI,AMOLED,1080 x 2400 pixels,"8.1 mm
Very Good Ã¢â€“Â¾",205.0,6.67 inches (16.94 cm),1200 nits,16499
249,Samsung Galaxy A53 5G,Samsung,6 GB,"128 GB
Best in Class Ã¢â€“Â¾",Samsung Exynos 1280,64 MP + 12 MP + 5 MP + 5 MP,32 MP,5000 mAh,Android v12,Samsung One UI,Super AMOLED,1080 x 2400 pixels,"8.1 mm
Very Good Ã¢â€“Â¾",189.0,6.5 inches (16.51 cm),120 Hz,26999
250,OnePlus 10 Pro,OnePlus,8 GB,"128 GB
Best in Class Ã¢â€“Â¾",Qualcomm Snapdragon 8 Gen 1,48 MP + 50 MP + 8 MP,32 MP,5000 mAh,Android v12,Oxygen OS,Fluid AMOLED,1440 x 3216 pixels,"8.5 mm
Very Good Ã¢â€“Â¾",200.5,6.7 inches (17.02 cm),1300 nits,55999
251,Tecno Camon 20,Tecno,8 GB,"256 GB
Best in Class Ã¢â€“Â¾",MediaTek Helio G85,64 MP + 2 MP + 0.08 MP,32 MP,5000 mAh,Android v13,HiOS,AMOLED,1080 x 2400 pixels,"7.82 mm
Very Good Ã¢â€“Â¾",190.0,6.67 inches (16.94 cm),60 Hz,14999
252,Samsung Galaxy A33 5G,Samsung,6 GB,"128 GB
Best in Class Ã¢â€“Â¾",Samsung Exynos 1280,48 MP + 8 MP + 5 MP + 2 MP,13 MP,5000 mAh,Android v12,Samsung One UI,Super AMOLED,1080 x 2400 pixels,"8.1 mm
Very Good Ã¢â€“Â¾",186.0,6.4 inches (16.26 cm),90 Hz,24686
253,Xiaomi Redmi A2 2023,Xiaomi,"May 23, 2023 (Official)","Dual SIM, GSM+GSM","Octa core (2.2 GHz, Quad core, Cortex A53 + 1.7 GHz, Quad core, Cortex A53)",Android Go,,,Android v13,MIUI,164.9 mm Compare Size,9 mm,"8 MP f/2.0, Wide Angle, Primary Camera
0.08 MP, Depth Camera",191.829315068493,,,6299
254,OPPO F21 Pro,OPPO,8 GB,"128 GB
Best in Class Ã¢â€“Â¾",Qualcomm Snapdragon 680,64 MP + 2 MP + 2 MP,32 MP,4500 mAh,Android v12,ColorOS,AMOLED,1080 x 2400 pixels,"7.5 mm
Very Good Ã¢â€“Â¾",175.0,6.43 inches (16.33 cm),600 nits,20999
255,Xiaomi 12 Pro 5G,Xiaomi,8 GB,"256 GB
Best in Class Ã¢â€“Â¾",Qualcomm Snapdragon 8 Gen 1,50 MP + 50 MP + 50 MP,32 MP,4600 mAh,Android v12,MIUI,AMOLED,1440 x 3200 pixels,"8.1 mm
Very Good Ã¢â€“Â¾",205.0,6.73 inches (17.09 cm),1500 nits,42390
256,vivo Y56,vivo,8 GB,"128 GB
Best in Class Ã¢â€“Â¾",MediaTek Dimensity 700 MT6833,50 MP + 2 MP,16 MP,5000 mAh,Android v13,Funtouch OS,IPS LCD,1080 x 2408 pixels,"8.1 mm
Very Good Ã¢â€“Â¾",184.0,6.58 inches (16.71 cm),,19750
257,Xiaomi Redmi 10,Xiaomi,4 GB,"64 GB
Best in Class Ã¢â€“Â¾",Qualcomm Snapdragon 680,50 MP + 2 MP,5 MP,6000 mAh,Android v11,MIUI,IPS LCD,720 x 1650 pixels,"9.1 mm
Good Ã¢â€“Â¾",203.0,6.7 inches (17.02 cm),400 nits,9499
258,Samsung Galaxy S20 Ultra,Samsung,12 GB,"128 GB
Best in Class Ã¢â€“Â¾",Samsung Exynos 9 Octa 990,108 MP + 48 MP + 12 MP,40 MP,5000 mAh,Android v10 (Q),Samsung One UI,Dynamic AMOLED,1440 x 3200 pixels,"8.8 mm
Good Ã¢â€“Â¾",220.0,6.9 inches (17.53 cm),"Yes, HDR 10+",39999
259,vivo V25 5G,vivo,8 GB,"128 GB
Best in Class Ã¢â€“Â¾",MediaTek Dimensity 900 MT6877,64 MP + 8 MP + 2 MP,50 MP,4500 mAh,Android v12,Funtouch OS,AMOLED,1080 x 2404 pixels,"7.7 mm
Very Good Ã¢â€“Â¾",186.0,6.44 inches (16.36 cm),"Yes, HDR 10+",24999
260,Xiaomi Redmi Note 11 SE,Xiaomi,6 GB,"64 GB
Best in Class Ã¢â€“Â¾",MediaTek Helio G95,64 MP + 8 MP + 2 MP + 2 MP,13 MP,5000 mAh,Android v11,MIUI,Super AMOLED,1080 x 2400 pixels,"8.3 mm
Very Good Ã¢â€“Â¾",178.8,6.43 inches (16.33 cm),1100 nits,11499
261,Google Pixel 7 5G,Google,8 GB,"128 GB
Best in Class Ã¢â€“Â¾",Google Tensor G2,50 MP + 12 MP,10.8 MP,4355 mAh,Android v13,Android,OLED,1080 x 2400 pixels,"8.7 mm
Good Ã¢â€“Â¾",197.0,6.3 inches (16 cm),1400 nits,46190
262,realme 9 5G SE,realme,6 GB,"128 GB
Best in Class Ã¢â€“Â¾",Qualcomm Snapdragon 778G,48 MP + 2 MP + 2 MP,16 MP,5000 mAh,Android v11,Realme UI,IPS LCD,1080 x 2412 pixels,"8.5 mm
Very Good Ã¢â€“Â¾",199.0,6.6 inches (16.76 cm),144 Hz,19999
263,Samsung Galaxy M53 5G,Samsung,6 GB,"128 GB
Best in Class Ã¢â€“Â¾",MediaTek Dimensity 900,108 MP + 8 MP + 2 MP + 2 MP,32 MP,5000 mAh,Android v12,Samsung One UI,Super AMOLED Plus,1080 x 2400 pixels,"7.4 mm
Very Good Ã¢â€“Â¾",176.0,6.7 inches (17.02 cm),420 nits,22979
264,OnePlus Nord 2,OnePlus,6 GB,"128 GB
Best in Class Ã¢â€“Â¾",MediaTek Dimensity 1200 MT6893,50 MP + 8 MP + 2 MP,32 MP,4500 mAh,Android v11,Oxygen OS,Fluid AMOLED,1080 x 2400 pixels,"8.2 mm
Very Good Ã¢â€“Â¾",189.0,6.43 inches (16.33 cm),90 Hz,27999
265,Samsung Galaxy A23,Samsung,6 GB,"128 GB
Best in Class Ã¢â€“Â¾",Qualcomm Snapdragon 680,50 MP + 5 MP + 2 MP + 2 MP,8 MP,5000 mAh,Android v12,Samsung One UI,PLS TFT LCD,1080 x 2408 pixels,"8.4 mm
Very Good Ã¢â€“Â¾",195.0,6.6 inches (16.76 cm),90 Hz,14499
266,Xiaomi Redmi Note 11 Pro,Xiaomi,6 GB,"128 GB
Best in Class Ã¢â€“Â¾",MediaTek Helio G96,108 MP + 8 MP + 2 MP + 2 MP,16 MP,5000 mAh,Android v11,MIUI,AMOLED,1080 x 2400 pixels,"8.1 mm
Very Good Ã¢â€“Â¾",202.0,6.67 inches (16.94 cm),1200 nits,17999
267,Samsung Galaxy S22,Samsung,8 GB,"128 GB
Best in Class Ã¢â€“Â¾",Qualcomm Snapdragon 8 Gen 1,50 MP + 12 MP + 10 MP,10 MP,3700 mAh,Android v12,Samsung One UI,Dynamic AMOLED,1080 x 2340 pixels,"7.6 mm
Very Good Ã¢â€“Â¾",167.0,6.1 inches (15.49 cm),1300 nits,48100
268,POCO M4 Pro,POCO,6 GB,"64 GB
Best in Class Ã¢â€“Â¾",MediaTek Helio G96,64 MP + 8 MP + 2 MP,16 MP,5000 mAh,Android v11,MIUI,AMOLED,1080 x 2400 pixels,"8 mm
Very Good Ã¢â€“Â¾",179.5,6.43 inches (16.33 cm),1000 nits,12989
269,OnePlus Nord CE 2 5G,OnePlus,6 GB,"128 GB
Best in Class Ã¢â€“Â¾",MediaTek Dimensity 900 MT6877,64 MP + 8 MP + 2 MP,16 MP,4500 mAh,Android v11,Oxygen OS,Fluid AMOLED,1080 x 2400 pixels,"7.8 mm
Very Good Ã¢â€“Â¾",173.0,6.43 inches (16.33 cm),"Yes, HDR 10+",23999
270,realme GT Neo 3 5G,realme,8 GB,"128 GB
Best in Class Ã¢â€“Â¾",MediaTek Dimensity 8100,50 MP + 8 MP + 2 MP,16 MP,5000 mAh,Android v12,Realme UI,AMOLED,1080 x 2412 pixels,"8.2 mm
Very Good Ã¢â€“Â¾",188.0,6.7 inches (17.02 cm),1000 nits,27400
271,Apple iPhone 14 Plus,Apple,6 GB,"128 GB
Best in Class Ã¢â€“Â¾",Apple A15 Bionic,12 MP + 12 MP,12 MP,4325 mAh,iOS v16,iOS,OLED,1284 x 2778 pixels,"7.8 mm
Very Good Ã¢â€“Â¾",203.0,6.7 inches (17.02 cm),1200 nits,78999
272,iQOO 11 5G,iQOO,8 GB,"256 GB
Best in Class Ã¢â€“Â¾",Qualcomm Snapdragon 8 Gen 2,50 MP + 13 MP + 8 MP,16 MP,5000 mAh,Android v13,Funtouch OS,AMOLED,1440 x 3200 pixels,"8.4 mm
Very Good Ã¢â€“Â¾",205.0,6.78 inches (17.22 cm),1800 nits,54999
273,Samsung Galaxy S21 Ultra,Samsung,12 GB,"256 GB
Best in Class Ã¢â€“Â¾",Samsung Exynos 2100,108 MP + 10 MP + 10 MP + 12 MP,40 MP,5000 mAh,Android v11,Samsung One UI,Dynamic AMOLED,1440 x 3200 pixels,"8.9 mm
Good Ã¢â€“Â¾",227.0,6.8 inches (17.27 cm),1500 nits,64999
274,Apple iPhone 12,Apple,4 GB,"64 GB
Best in Class Ã¢â€“Â¾",Apple A14 Bionic,12 MP + 12 MP,12 MP,2815 mAh,iOS v14,iOS,OLED,1170 x 2532 pixels,"7.4 mm
Very Good Ã¢â€“Â¾",162.0,6.1 inches (15.49 cm),625 nits,53999
275,Samsung Galaxy S21,Samsung,8 GB,"128 GB
Best in Class Ã¢â€“Â¾",Samsung Exynos 2100,12 MP + 64 MP + 12 MP,10 MP,4000 mAh,Android v11,Samsung One UI,Dynamic AMOLED,1080 x 2400 pixels,"7.9 mm
Very Good Ã¢â€“Â¾",169.0,6.2 inches (15.75 cm),1300 nits,32999
276,Apple iPhone 14 Pro,Apple,6 GB,"128 GB
Best in Class Ã¢â€“Â¾",Apple A16 Bionic,48 MP + 12 MP + 12 MP,12 MP,3200 mAh,iOS v16,iOS,OLED,1179 x 2556 pixels,"7.8 mm
Very Good Ã¢â€“Â¾",206.0,6.1 inches (15.49 cm),2000 nits,119999
277,Moto G82,Motorola,6 GB,"128 GB
Best in Class Ã¢â€“Â¾",Qualcomm Snapdragon 695,50 MP + 8 MP + 2 MP,16 MP,5000 mAh,Android v12,Android,P-OLED,1080 x 2400 pixels,"7.9 mm
Very Good Ã¢â€“Â¾",173.0,6.6 inches (16.76 cm),91.32%,19999
278,Moto G32,Motorola,4 GB,"64 GB
Best in Class Ã¢â€“Â¾",Qualcomm Snapdragon 680,50 MP + 8 MP + 2 MP,16 MP,5000 mAh,Android v12,Android,IPS LCD,1080 x 2400 pixels,"8.4 mm
Very Good Ã¢â€“Â¾",184.0,6.5 inches (16.51 cm),89.80%,12990
279,Google Pixel 7 Pro 5G,Google,12 GB,"128 GB
Best in Class Ã¢â€“Â¾",Google Tensor G2,50 MP + 12 MP + 48 MP,10.8 MP,5000 mAh,Android v13,Android,OLED,1440 x 3120 pixels,"8.9 mm
Good Ã¢â€“Â¾",212.0,6.7 inches (17.02 cm),1500 nits,68350
280,realme 9i 5G,realme,4 GB,"64 GB
Best in Class Ã¢â€“Â¾",MediaTek Dimensity 810 MT6833,50 MP + 2 MP + 2 MP,8 MP,5000 mAh,Android v12,Realme UI,IPS LCD,1080 x 2408 pixels,"8.1 mm
Very Good Ã¢â€“Â¾",187.0,6.6 inches (16.76 cm),90 Hz,14399
281,Xiaomi Redmi Note 10S,Xiaomi,6 GB,"64 GB
Best in Class Ã¢â€“Â¾",MediaTek Helio G95,64 MP + 8 MP + 2 MP + 2 MP,13 MP,5000 mAh,Android v11,MIUI,AMOLED,1080 x 2400 pixels,"8.2 mm
Very Good Ã¢â€“Â¾",178.8,6.43 inches (16.33 cm),1100 nits,10779
282,Samsung Galaxy M13 5G,Samsung,4 GB,"64 GB
Best in Class Ã¢â€“Â¾",MediaTek Dimensity 700 MT6833,50 MP + 2 MP,5 MP,5000 mAh,Android v12,Samsung One UI,PLS LCD,720 x 1600 pixels,"8.8 mm
Good Ã¢â€“Â¾",195.0,6.5 inches (16.51 cm),400 nits,11499
283,realme 9,realme,6 GB,"128 GB
Best in Class Ã¢â€“Â¾",Qualcomm Snapdragon 680,108 MP + 8 MP + 2 MP,16 MP,5000 mAh,Android v12,Realme UI,Super AMOLED,1080 x 2400 pixels,"7.9 mm
Very Good Ã¢â€“Â¾",178.0,6.4 inches (16.26 cm),1000 nits,16999
284,realme GT 2 5G,realme,8 GB,"128 GB
Best in Class Ã¢â€“Â¾",Qualcomm Snapdragon 888,50 MP + 8 MP + 2 MP,16 MP,5000 mAh,Android v12,Realme UI,AMOLED,1080 x 2400 pixels,"8.6 mm
Good Ã¢â€“Â¾",194.5,6.62 inches (16.81 cm),1300 nits,24999
285,OPPO Reno8 Pro 5G,OPPO,12 GB,"256 GB
Best in Class Ã¢â€“Â¾",MediaTek Dimensity 8100 Max MT6895Z,50 MP + 8 MP + 2 MP,32 MP,4500 mAh,Android v12,ColorOS,AMOLED,1080 x 2412 pixels,"7.3 mm
Excellent Ã¢â€“Â¾",183.0,6.7 inches (17.02 cm),950 nits,45999
286,vivo T2x 6GB RAM,vivo,6 GB,"128 GB
Best in Class Ã¢â€“Â¾",MediaTek Dimensity 6020,50 MP + 2 MP,8 MP,5000 mAh,Android v13,Funtouch OS,IPS LCD,1080 x 2408 pixels,"8.1 mm
Very Good Ã¢â€“Â¾",184.0,6.58 inches (16.71 cm),60 Hz,13999
287,POCO M4 Pro 5G,POCO,4 GB,"64 GB
Best in Class Ã¢â€“Â¾",MediaTek Dimensity 810 MT6833,50 MP + 8 MP,16 MP,5000 mAh,Android v11,MIUI,IPS LCD,1080 x 2400 pixels,"8.8 mm
Good Ã¢â€“Â¾",195.0,6.6 inches (16.76 cm),450 nits,13999
288,vivo V23 5G,vivo,8 GB,"128 GB
Best in Class Ã¢â€“Â¾",MediaTek Dimensity 920 MT6877T,64 MP + 8 MP + 2 MP,50 MP + 8 MP,4200 mAh,Android v12,Funtouch OS,AMOLED,1080 x 2400 pixels,"7.3 mm
Excellent Ã¢â€“Â¾",179.0,6.44 inches (16.36 cm),90 Hz,26480
289,Samsung Galaxy A34 8GB RAM,Samsung,8 GB,"128 GB
Best in Class Ã¢â€“Â¾",MediaTek Dimensity 1080 MT6877V,48 MP + 8 MP + 5 MP,13 MP,5000 mAh,Android v13,Samsung One UI,Super AMOLED,1080 x 2340 pixels,"8.2 mm
Very Good Ã¢â€“Â¾",199.0,6.6 inches (16.76 cm),,24999
290,Infinix Hot 20 5G,Infinix,4 GB,"64 GB
Best in Class Ã¢â€“Â¾",MediaTek Dimensity 810 MT6833,50 MP + 0.08 MP,8 MP,5000 mAh,Android v12,XOS,IPS LCD,1080 x 2408 pixels,"8.93 mm
Good Ã¢â€“Â¾",204.0,6.6 inches (16.76 cm),500 nits,12000
291,vivo V25 Pro 5G,vivo,8 GB,"128 GB
Best in Class Ã¢â€“Â¾",MediaTek Dimensity 1300 MT6893Z,64 MP + 8 MP + 2 MP,32 MP,4830 mAh,Android v12,Funtouch OS,AMOLED,1080 x 2376 pixels,"8.6 mm
Good Ã¢â€“Â¾",190.0,6.56 inches (16.66 cm),120 Hz,30990
292,Xiaomi Redmi Note 12 4G,Xiaomi,6 GB,"64 GB
Best in Class Ã¢â€“Â¾",Qualcomm Snapdragon 685,50 MP + 8 MP + 2 MP,13 MP,5000 mAh,Android v13,MIUI,Super AMOLED,1080 x 2400 pixels,"7.8 mm
Very Good Ã¢â€“Â¾",186.0,6.67 inches (16.94 cm),1200 nits,14990
293,Moto G72,Motorola,6 GB,"128 GB
Best in Class Ã¢â€“Â¾",MediaTek Helio G99,108 MP + 8 MP + 2 MP,16 MP,5000 mAh,Android v12,Android,P-OLED,1080 x 2460 pixels,"7.9 mm
Very Good Ã¢â€“Â¾",166.0,6.55 inches (16.64 cm),"Yes, HDR 10+",17399
294,Xiaomi Redmi Note 10,Xiaomi,4 GB,"64 GB
Best in Class Ã¢â€“Â¾",Qualcomm Snapdragon 678,48 MP + 8 MP + 2 MP + 2 MP,13 MP,5000 mAh,Android v11,MIUI,Super AMOLED,1080 x 2400 pixels,"8.3 mm
Very Good Ã¢â€“Â¾",178.8,6.43 inches (16.33 cm),1100 nits,13999
295,POCO F4 5G,POCO,6 GB,"128 GB
Best in Class Ã¢â€“Â¾",Qualcomm Snapdragon 870,64 MP + 8 MP + 2 MP,20 MP,4500 mAh,Android v12,MIUI,AMOLED,1080 x 2400 pixels,"7.7 mm
Very Good Ã¢â€“Â¾",195.0,6.67 inches (16.94 cm),1300 nits,27999
296,realme Narzo 50,realme,4 GB,"64 GB
Best in Class Ã¢â€“Â¾",MediaTek Helio G96,50 MP + 2 MP + 2 MP,16 MP,5000 mAh,Android v11,Realme UI,IPS LCD,1080 x 2412 pixels,"8.5 mm
Very Good Ã¢â€“Â¾",194.0,6.6 inches (16.76 cm),120 Hz,11780
297,Tecno Spark 10 Pro,Tecno,8 GB,"128 GB
Best in Class Ã¢â€“Â¾",MediaTek Helio G88,50 MP + 0.08 MP + 0.3 MP,32 MP,5000 mAh,Android v13,HiOS,IPS LCD,1080 x 2460 pixels,"8.4 mm
Very Good Ã¢â€“Â¾",191.829315068493,6.78 inches (17.22 cm),90 Hz,12499
298,vivo T2x 8GB RAM,vivo,8 GB,"128 GB
Best in Class Ã¢â€“Â¾",MediaTek Dimensity 6020,50 MP + 2 MP,8 MP,5000 mAh,Android v13,Funtouch OS,IPS LCD,1080 x 2408 pixels,"8.1 mm
Very Good Ã¢â€“Â¾",184.0,6.58 inches (16.71 cm),60 Hz,15999
299,Samsung Galaxy F23 5G 6GB RAM,Samsung,6 GB,"128 GB
Best in Class Ã¢â€“Â¾",Qualcomm Snapdragon 750G,50 MP + 8 MP + 2 MP,8 MP,5000 mAh,Android v12,Samsung One UI,TFT,1080 x 2408 pixels,"8.4 mm
Very Good Ã¢â€“Â¾",198.0,6.6 inches (16.76 cm),120 Hz,14999
300,Motorola Edge 30 Ultra 5G,Motorola,8 GB,"128 GB
Best in Class Ã¢â€“Â¾",Qualcomm Snapdragon 8 Plus Gen 1,200 MP + 50 MP + 12 MP,60 MP,4610 mAh,Android v12,Android,P-OLED,1080 x 2400 pixels,"8.3 mm
Very Good Ã¢â€“Â¾",198.5,6.67 inches (16.94 cm),1250 nits,48990
301,iQOO Z6 Pro,iQOO,6 GB,"128 GB
Best in Class Ã¢â€“Â¾",Qualcomm Snapdragon 778G,64 MP + 8 MP + 2 MP,16 MP,4700 mAh,Android v12,Funtouch OS,AMOLED,1080 x 2404 pixels,"8.4 mm
Very Good Ã¢â€“Â¾",180.0,6.44 inches (16.36 cm),1300 nits,23999
302,Lava Blaze 5G,Lava,4 GB,"128 GB
Best in Class Ã¢â€“Â¾",MediaTek Dimensity 700 MT6833,50 MP + 2 MP + 0.3 MP,8 MP,5000 mAh,Android v12,Android,IPS LCD,720 x 1600 pixels,"8.9 mm
Good Ã¢â€“Â¾",207.0,6.5 inches (16.51 cm),,10999
303,iQOO 9 SE,iQOO,8 GB,"128 GB
Best in Class Ã¢â€“Â¾",Qualcomm Snapdragon 888,48 MP + 13 MP + 2 MP,16 MP,4500 mAh,Android v12,Funtouch OS,AMOLED,1080 x 2400 pixels,"8.3 mm
Very Good Ã¢â€“Â¾",196.0,6.62 inches (16.81 cm),"Yes, HDR 10+",39990
304,vivo Y22 2022,vivo,4 GB,"64 GB
Best in Class Ã¢â€“Â¾",MediaTek Helio G70,50 MP + 2 MP,8 MP,5000 mAh,Android v12,Funtouch OS,IPS LCD,720 x 1612 pixels,"8.3 mm
Very Good Ã¢â€“Â¾",190.0,6.55 inches (16.64 cm),60 Hz,13900
305,Lava Agni 5G,Lava,8 GB,"128 GB
Best in Class Ã¢â€“Â¾",MediaTek Dimensity 810 MT6833,64 MP + 5 MP + 2 MP + 2 MP,16 MP,5000 mAh,Android v11,Android,IPS LCD,1080 x 2460 pixels,"9.1 mm
Good Ã¢â€“Â¾",204.0,6.78 inches (17.22 cm),90 Hz,15990
306,Samsung Galaxy S22 Plus,Samsung,8 GB,"128 GB
Best in Class Ã¢â€“Â¾",Qualcomm Snapdragon 8 Gen 1,50 MP + 12 MP + 10 MP,10 MP,4500 mAh,Android v12,Samsung One UI,Dynamic AMOLED,1080 x 2340 pixels,"7.6 mm
Very Good Ã¢â€“Â¾",195.0,6.6 inches (16.76 cm),1750 nits,52999
307,Moto g52,Motorola,4 GB,"64 GB
Best in Class Ã¢â€“Â¾",Qualcomm Snapdragon 680,50 MP + 8 MP + 2 MP,16 MP,5000 mAh,Android v12,Android,P-OLED,1080 x 2400 pixels,"7.9 mm
Very Good Ã¢â€“Â¾",169.0,6.6 inches (16.76 cm),90 Hz,11249
308,realme C30,realme,2 GB,"32 GB
Excellent Ã¢â€“Â¾",Unisoc T612,8 MP,5 MP,5000 mAh,Android v11,Realme UI,IPS LCD,720 x 1600 pixels,"8.5 mm
Very Good Ã¢â€“Â¾",182.0,6.5 inches (16.51 cm),60 Hz,5549
309,realme 9i,realme,4 GB,"64 GB
Best in Class Ã¢â€“Â¾",Qualcomm Snapdragon 680,50 MP + 2 MP + 2 MP,16 MP,5000 mAh,Android v11,Realme UI,IPS LCD,1080 x 2412 pixels,"8.4 mm
Very Good Ã¢â€“Â¾",190.0,6.6 inches (16.76 cm),90 Hz,13499
310,,,,,,,,,,,,,,,,,
311,OnePlus 10T,OnePlus,8 GB,"128 GB
Best in Class Ã¢â€“Â¾",Qualcomm Snapdragon 8 Plus Gen 1,50 MP + 8 MP + 2 MP,16 MP,4800 mAh,Android v12,Oxygen OS,Fluid AMOLED,1080 x 2412 pixels,"8.8 mm
Good Ã¢â€“Â¾",203.5,6.7 inches (17.02 cm),950 nits,43799
312,iQOO Z6 5G,iQOO,4 GB,"128 GB
Best in Class Ã¢â€“Â¾",Qualcomm Snapdragon 695,50 MP + 2 MP + 2 MP,16 MP,5000 mAh,Android v12,Funtouch OS,IPS LCD,1080 x 2408 pixels,"8.2 mm
Very Good Ã¢â€“Â¾",185.0,6.58 inches (16.71 cm),90.61%,15990
313,POCO M4 5G,POCO,4 GB,"64 GB
Best in Class Ã¢â€“Â¾",MediaTek Dimensity 700 MT6833,50 MP + 2 MP,8 MP,5000 mAh,Android v12,MIUI,IPS LCD,1080 x 2400 pixels,"8.9 mm
Good Ã¢â€“Â¾",200.0,6.58 inches (16.71 cm),600 nits,11999
314,vivo Y16,vivo,3 GB,"32 GB
Excellent Ã¢â€“Â¾",MediaTek Helio P35,13 MP + 2 MP,5 MP,5000 mAh,Android v12,Funtouch OS,IPS LCD,720 x 1600 pixels,"8.1 mm
Very Good Ã¢â€“Â¾",183.0,6.51 inches (16.54 cm),,9999
315,Motorola Edge 30 Fusion,Motorola,8 GB,"128 GB
Best in Class Ã¢â€“Â¾",Qualcomm Snapdragon 888 Plus,50 MP + 13 MP + 2 MP,32 MP,4400 mAh,Android v12,Android,P-OLED,1080 x 2400 pixels,"7.4 mm
Very Good Ã¢â€“Â¾",175.0,6.55 inches (16.64 cm),1100 nits,38999
316,Xiaomi Redmi A1,Xiaomi,2 GB,"32 GB
Excellent Ã¢â€“Â¾",MediaTek Helio A22,8 MP + 0.08 MP,5 MP,5000 mAh,Android v12,Android Go,IPS LCD,720 x 1600 pixels,"9 mm
Good Ã¢â€“Â¾",192.0,6.52 inches (16.56 cm),88.89%,5999
317,realme Narzo 50 5G,realme,4 GB,"64 GB
Best in Class Ã¢â€“Â¾",MediaTek Dimensity 810 MT6833,48 MP + 2 MP,8 MP,5000 mAh,Android v12,Realme UI,IPS LCD,1080 x 2408 pixels,"8.1 mm
Very Good Ã¢â€“Â¾",190.0,6.6 inches (16.76 cm),90 Hz,14999
318,POCO M5,POCO,4 GB,"64 GB
Best in Class Ã¢â€“Â¾",MediaTek Helio G99,50 MP + 2 MP + 2 MP,8 MP,5000 mAh,Android v12,MIUI,IPS LCD,1080 x 2408 pixels,"8.9 mm
Good Ã¢â€“Â¾",201.0,6.58 inches (16.71 cm),500 nits,8999
319,OnePlus Nord N20 SE,OnePlus,4 GB,"64 GB
Best in Class Ã¢â€“Â¾",MediaTek Helio G35,50 MP + 2 MP,8 MP,5000 mAh,Android v12,Oxygen OS,IPS LCD,720 x 1600 pixels,"8 mm
Very Good Ã¢â€“Â¾",187.0,6.56 inches (16.66 cm),60 Hz,14499
320,Samsung Galaxy S10 Plus,Samsung,8 GB,"128 GB
Best in Class Ã¢â€“Â¾",Samsung Exynos 9 Octa 9820,12 MP + 12 MP + 16 MP,10 MP + 8 MP,4100 mAh,Android v9.0 (Pie),Samsung One UI,Dynamic AMOLED,1440 x 3040 pixels,"7.8 mm
Very Good Ã¢â€“Â¾",175.0,6.4 inches (16.26 cm),60 Hz,38499
321,realme 8,realme,4 GB,"128 GB
Best in Class Ã¢â€“Â¾",MediaTek Helio G95,64 MP + 8 MP + 2 MP + 2 MP,16 MP,5000 mAh,Android v11,Realme UI,Super AMOLED,1080 x 2400 pixels,"7.9 mm
Very Good Ã¢â€“Â¾",177.0,6.4 inches (16.26 cm),60 Hz,15999
322,vivo Y20,vivo,4 GB,"64 GB
Best in Class Ã¢â€“Â¾",Qualcomm Snapdragon 460,13 MP + 2 MP + 2 MP,8 MP,5000 mAh,Android v10 (Q),Funtouch OS,IPS LCD,720 x 1600 pixels,"8.4 mm
Very Good Ã¢â€“Â¾",192.3,6.51 inches (16.54 cm),,12990
323,Google Pixel 6 Pro,Google,12 GB,"128 GB
Best in Class Ã¢â€“Â¾",Google Tensor,50 MP + 12 MP + 48 MP,11.1 MP,5003 mAh,Android v12,Android,P-OLED,1440 x 3120 pixels,"8.9 mm
Good Ã¢â€“Â¾",210.0,6.7 inches (17.02 cm),"Yes, HDR 10+",41739
324,Xiaomi Mi 11T Pro 5G,Xiaomi,8 GB,"128 GB
Best in Class Ã¢â€“Â¾",Qualcomm Snapdragon 888,108 MP + 8 MP + 5 MP,16 MP,5000 mAh,Android v11,MIUI,AMOLED,1080 x 2400 pixels,"8.8 mm
Good Ã¢â€“Â¾",204.0,6.67 inches (16.94 cm),1000 nits,28999
325,Samsung Galaxy M13,Samsung,4 GB,"64 GB
Best in Class Ã¢â€“Â¾",Samsung Exynos 850,50 MP + 5 MP + 2 MP,8 MP,6000 mAh,Android v12,Samsung One UI,PLS LCD,1080 x 2408 pixels,"9.3 mm
Good Ã¢â€“Â¾",207.0,6.6 inches (16.76 cm),480 nits,9699
326,realme C33,realme,3 GB,"32 GB
Excellent Ã¢â€“Â¾",Unisoc T612,50 MP + 0.3 MP,5 MP,5000 mAh,Android v12,Realme UI,IPS LCD,720 x 1600 pixels,"8.3 mm
Very Good Ã¢â€“Â¾",187.0,6.5 inches (16.51 cm),60 Hz,8999
327,Moto G60,Motorola,6 GB,"128 GB
Best in Class Ã¢â€“Â¾",Qualcomm Snapdragon 732G,108 MP + 8 MP + 2 MP,32 MP,6000 mAh,Android v11,Android,IPS LCD,1080 x 2460 pixels,"9.8 mm
Average Ã¢â€“Â¾",225.0,6.8 inches (17.27 cm),120 Hz,14999
328,vivo V17 Pro,vivo,8 GB,"128 GB
Best in Class Ã¢â€“Â¾",Qualcomm Snapdragon 675,48 MP + 13 MP + 8 MP + 2 MP,32 MP + 8 MP,4100 mAh,Android v9.0 (Pie),Funtouch OS,Super AMOLED,1080 x 2400 pixels,"9.8 mm
Average Ã¢â€“Â¾",201.8,6.44 inches (16.36 cm),91.65%,28990
329,Samsung Galaxy M04,Samsung,4 GB,"64 GB
Best in Class Ã¢â€“Â¾",MediaTek Helio P35,13 MP + 2 MP,5 MP,5000 mAh,Android v12,Samsung One UI,PLS LCD,720 x 1600 pixels,"9.1 mm
Good Ã¢â€“Â¾",188.0,6.5 inches (16.51 cm),,7299
330,Tecno Spark 10,Tecno,8 GB,"128 GB
Best in Class Ã¢â€“Â¾",MediaTek Helio G37,50 MP + 0.08 MP,8 MP,5000 mAh,Android v13,HiOS,IPS LCD,720 x 1612 pixels,"8.4 mm
Very Good Ã¢â€“Â¾",191.829315068493,6.6 inches (16.76 cm),,11499
331,Xiaomi Redmi Note 11 4G,Xiaomi,4 GB,"64 GB
Best in Class Ã¢â€“Â¾",Qualcomm Snapdragon 680,50 MP + 8 MP + 2 MP + 2 MP,13 MP,5000 mAh,Android v11,MIUI,AMOLED,1080 x 2400 pixels,"8 mm
Very Good Ã¢â€“Â¾",179.0,6.43 inches (16.33 cm),1000 nits,12199
332,Nokia C32,Nokia,4 GB,"64 GB
Best in Class Ã¢â€“Â¾",Unisoc SC9863A1,50 MP + 2 MP,8 MP,5000 mAh,Android v13,Android,IPS LCD,720 x 1600 pixels,"8.5 mm
Very Good Ã¢â€“Â¾",199.4,6.51 inches (16.54 cm),,8999
333,Infinix Zero 5G 2023 Turbo,Infinix,8 GB,"256 GB
Best in Class Ã¢â€“Â¾",MediaTek Dimensity 1080 MT6877V,50 MP + 2 MP + 2 MP,16 MP,5000 mAh,Android v12,XOS,IPS LCD,1080 x 2460 pixels,"8.77 mm
Good Ã¢â€“Â¾",199.0,6.78 inches (17.22 cm),120 Hz,17999
334,Google Pixel 6,Google,8 GB,"128 GB
Best in Class Ã¢â€“Â¾",Google Tensor,50 MP + 12 MP,8 MP,4614 mAh,Android v12,Android,OLED,1080 x 2400 pixels,"8.9 mm
Good Ã¢â€“Â¾",207.0,6.4 inches (16.26 cm),"Yes, HDR 10+",33999
335,Xiaomi Redmi Note 11S,Xiaomi,6 GB,"64 GB
Best in Class Ã¢â€“Â¾",MediaTek Helio G96,108 MP + 8 MP + 2 MP + 2 MP,16 MP,5000 mAh,Android v11,MIUI,AMOLED,1080 x 2400 pixels,"8 mm
Very Good Ã¢â€“Â¾",179.0,6.43 inches (16.33 cm),1000 nits,14850
336,Samsung Galaxy F14 5G 6GB RAM,Samsung,6 GB,"128 GB
Best in Class Ã¢â€“Â¾",Samsung Exynos 1330,50 MP + 2 MP,13 MP,6000 mAh,Android v13,Samsung One UI,PLS LCD,1080 x 2408 pixels,"9.4 mm
Average Ã¢â€“Â¾",206.0,6.6 inches (16.76 cm),90 Hz,14490
337,realme C55 128GB,realme,8 GB,"128 GB
Best in Class Ã¢â€“Â¾",MediaTek Helio G88,64 MP + 2 MP,8 MP,5000 mAh,Android v13,Realme UI,IPS LCD,1080 x 2400 pixels,"7.8 mm
Very Good Ã¢â€“Â¾",189.5,6.72 inches (17.07 cm),90 Hz,13799
338,OnePlus 8T,OnePlus,8 GB,"128 GB
Best in Class Ã¢â€“Â¾",Qualcomm Snapdragon 865,48 MP + 16 MP + 5 MP + 2 MP,16 MP,4500 mAh,Android v11,Oxygen OS,Fluid AMOLED,1080 x 2400 pixels,"8.4 mm
Very Good Ã¢â€“Â¾",188.0,6.55 inches (16.64 cm),1100 nits,31999
339,realme 10 Pro 5G 8GB RAM,realme,8 GB,"128 GB
Best in Class Ã¢â€“Â¾",Qualcomm Snapdragon 695,108 MP + 2 MP,16 MP,5000 mAh,Android v13,Realme UI,IPS LCD,1080 x 2400 pixels,"8.1 mm
Very Good Ã¢â€“Â¾",190.0,6.72 inches (17.07 cm),120 Hz,19999
340,iQOO 9,iQOO,8 GB,"128 GB
Best in Class Ã¢â€“Â¾",Qualcomm Snapdragon 888 Plus,48 MP + 13 MP + 13 MP,16 MP,4350 mAh,Android v12,Funtouch OS,AMOLED,1080 x 2376 pixels,"8.6 mm
Good Ã¢â€“Â¾",200.0,6.56 inches (16.66 cm),120 Hz,32990
341,POCO X3,POCO,6 GB,"64 GB
Best in Class Ã¢â€“Â¾",Qualcomm Snapdragon 732G,64 MP + 13 MP + 2 MP + 2 MP,20 MP,6000 mAh,Android v10 (Q),MIUI,IPS LCD,1080 x 2400 pixels,"10.08 mm
Average Ã¢â€“Â¾",225.0,6.67 inches (16.94 cm),450 nits,13999
342,Samsung Galaxy M14 6GB RAM,Samsung,6 GB,"128 GB
Best in Class Ã¢â€“Â¾",Samsung Exynos 1330,50 MP + 2 MP + 2 MP,13 MP,6000 mAh,Android v13,Samsung One UI,PLS LCD,1080 x 2408 pixels,"9.4 mm
Average Ã¢â€“Â¾",206.0,6.6 inches (16.76 cm),,14990
343,OnePlus 11R 256GB,OnePlus,16 GB,"256 GB
Best in Class Ã¢â€“Â¾",Qualcomm Snapdragon 8 Plus Gen 1,50 MP + 8 MP + 2 MP,16 MP,5000 mAh,Android v13,Oxygen OS,Super Fluid AMOLED,1240 x 2772 pixels,"8.7 mm
Good Ã¢â€“Â¾",205.0,6.74 inches (17.12 cm),"Yes, HDR 10+",44999
344,Infinix Zero Ultra,Infinix,8 GB,"256 GB
Best in Class Ã¢â€“Â¾",MediaTek Dimensity 920 MT6877T,200 MP + 13 MP + 2 MP,32 MP,4500 mAh,Android v12,XOS,AMOLED,1080 x 2400 pixels,"8.7 mm
Good Ã¢â€“Â¾",213.0,6.8 inches (17.27 cm),120 Hz,29999
345,OPPO F21 Pro 5G,OPPO,8 GB,"128 GB
Best in Class Ã¢â€“Â¾",Qualcomm Snapdragon 695,64 MP + 2 MP + 2 MP,16 MP,4500 mAh,Android v12,ColorOS,AMOLED,1080 x 2400 pixels,"7.5 mm
Very Good Ã¢â€“Â¾",173.0,6.43 inches (16.33 cm),600 nits,25999
346,Samsung Galaxy A14,Samsung,4 GB,"64 GB
Best in Class Ã¢â€“Â¾",Samsung Exynos 8 Octa 850,50 MP + 5 MP + 2 MP,13 MP,5000 mAh,Android v13,Samsung One UI,PLS LCD,1080 x 2408 pixels,"9.1 mm
Good Ã¢â€“Â¾",201.0,6.6 inches (16.76 cm),60 Hz,13999
347,Samsung Galaxy M52 5G,Samsung,6 GB,"128 GB
Best in Class Ã¢â€“Â¾",Qualcomm Snapdragon 778G,64 MP + 12 MP + 5 MP,32 MP,5000 mAh,Android v11,Samsung One UI,Super AMOLED Plus,1080 x 2400 pixels,"7.4 mm
Very Good Ã¢â€“Â¾",173.0,6.7 inches (17.02 cm),120 Hz,24950
348,realme 9 Pro,realme,6 GB,"128 GB
Best in Class Ã¢â€“Â¾",Qualcomm Snapdragon 695,64 MP + 8 MP + 2 MP,16 MP,5000 mAh,Android v12,Realme UI,IPS LCD,1080 x 2412 pixels,"8.5 mm
Very Good Ã¢â€“Â¾",195.0,6.6 inches (16.76 cm),120 Hz,18999
349,Xiaomi Redmi 9 Prime,Xiaomi,4 GB,"64 GB
Best in Class Ã¢â€“Â¾",MediaTek Helio G80,13 MP + 8 MP + 5 MP + 2 MP,8 MP,5020 mAh,Android v10 (Q),MIUI,IPS LCD,1080 x 2340 pixels,"9.1 mm
Good Ã¢â€“Â¾",198.0,6.53 inches (16.59 cm),400 nits,10499
350,Samsung Galaxy F04,Samsung,4 GB,"64 GB
Best in Class Ã¢â€“Â¾",MediaTek Helio P35,13 MP + 2 MP,5 MP,5000 mAh,Android v12,Samsung One UI,PLS LCD,720 x 1600 pixels,"9.1 mm
Good Ã¢â€“Â¾",188.0,6.5 inches (16.51 cm),,7299
351,Tecno Spark 10 5G,Tecno,4 GB,"64 GB
Best in Class Ã¢â€“Â¾",MediaTek Dimensity 6020,50 MP + 0.08 MP,8 MP,5000 mAh,Android v13,HiOS,IPS LCD,720 x 1612 pixels,"8.4 mm
Very Good Ã¢â€“Â¾",191.829315068493,6.6 inches (16.76 cm),90 Hz,12499
352,Samsung Galaxy S23 Plus 5G,Samsung,8 GB,"256 GB
Best in Class Ã¢â€“Â¾",Qualcomm Snapdragon 8 Gen 2,50 MP + 12 MP + 10 MP,12 MP,4700 mAh,Android v13,Samsung One UI,Dynamic AMOLED,1080 x 2340 pixels,"7.6 mm
Very Good Ã¢â€“Â¾",195.0,6.6 inches (16.76 cm),1750 nits,94999
353,realme 9 5G,realme,4 GB,"64 GB
Best in Class Ã¢â€“Â¾",MediaTek Dimensity 810,48 MP + 2 MP + 2 MP,16 MP,5000 mAh,Android v11,Realme UI,IPS LCD,1080 x 2400 pixels,"8.5 mm
Very Good Ã¢â€“Â¾",188.0,6.5 inches (16.51 cm),90 Hz,15999
354,Samsung Galaxy S10,Samsung,8 GB,"128 GB
Best in Class Ã¢â€“Â¾",Samsung Exynos 9 Octa 9820,12 MP + 12 MP + 16 MP,10 MP,3400 mAh,Android v9.0 (Pie),Samsung One UI,Dynamic AMOLED,1440 x 3040 pixels,"7.8 mm
Very Good Ã¢â€“Â¾",157.0,6.1 inches (15.49 cm),60 Hz,31599
355,OnePlus 9 Pro,OnePlus,8 GB,"128 GB
Best in Class Ã¢â€“Â¾",Qualcomm Snapdragon 888,48 MP + 50 MP + 8 MP + 2 MP,16 MP,4500 mAh,Android v11,Oxygen OS,Fluid AMOLED,1440 x 3216 pixels,"8.7 mm
Good Ã¢â€“Â¾",197.0,6.7 inches (17.02 cm),1300 nits,49999
356,Apple iPhone 13 Pro,Apple,6 GB,"128 GB
Best in Class Ã¢â€“Â¾",Apple A15 Bionic,12 MP + 12 MP + 12 MP,12 MP,3095 mAh,iOS v15,iOS,OLED,1170 x 2532 pixels,"7.6 mm
Very Good Ã¢â€“Â¾",203.0,6.1 inches (15.49 cm),1000 nits,119900
357,OPPO A17,OPPO,4 GB,"64 GB
Best in Class Ã¢â€“Â¾",MediaTek Helio G35,50 MP + 2 MP,5 MP,5000 mAh,Android v12,ColorOS,IPS LCD,720 x 1612 pixels,"8.3 mm
Very Good Ã¢â€“Â¾",189.0,6.56 inches (16.66 cm),600 nits,12075
358,Apple iPhone 12 Mini,Apple,4 GB,"64 GB
Best in Class Ã¢â€“Â¾",Apple A14 Bionic,12 MP + 12 MP,12 MP,2227 mAh,iOS v14,iOS,OLED,1080 x 2340 pixels,"7.4 mm
Very Good Ã¢â€“Â¾",133.0,5.4 inches (13.72 cm),625 nits,50999
359,vivo Y75,vivo,8 GB,"128 GB
Best in Class Ã¢â€“Â¾",MediaTek Helio G96,50 MP + 8 MP + 2 MP,44 MP,4050 mAh,Android v12,Funtouch OS,AMOLED,1080 x 2400 pixels,"7.3 mm
Excellent Ã¢â€“Â¾",172.0,6.44 inches (16.36 cm),,16999
360,Infinix Zero 5G 2023,Infinix,8 GB,"128 GB
Best in Class Ã¢â€“Â¾",MediaTek Dimensity 920 MT6877T,50 MP + 2 MP + 2 MP,16 MP,5000 mAh,Android v12,XOS,IPS LCD,1080 x 2460 pixels,"8.77 mm
Good Ã¢â€“Â¾",199.0,6.78 inches (17.22 cm),120 Hz,15999
361,OnePlus Nord CE 2 5G 8GB RAM,OnePlus,8 GB,"128 GB
Best in Class Ã¢â€“Â¾",MediaTek Dimensity 900 MT6877,64 MP + 8 MP + 2 MP,16 MP,4500 mAh,Android v11,Oxygen OS,Fluid AMOLED,1080 x 2400 pixels,"7.8 mm
Very Good Ã¢â€“Â¾",173.0,6.43 inches (16.33 cm),"Yes, HDR 10+",24998
362,OPPO K10 5G,OPPO,8 GB,"128 GB
Best in Class Ã¢â€“Â¾",MediaTek Dimensity 810 MT6833,48 MP + 2 MP,8 MP,5000 mAh,Android v12,ColorOS,IPS LCD,720 x 1612 pixels,"7.9 mm
Very Good Ã¢â€“Â¾",190.0,6.56 inches (16.66 cm),90 Hz,17499
363,OPPO Find N2 Flip,OPPO,8 GB,"256 GB
Best in Class Ã¢â€“Â¾",MediaTek Dimensity 9000 Plus MT6983,50 MP + 8 MP,32 MP,4300 mAh,Android v13,ColorOS,AMOLED,1080 x 2520 pixels,"7.4 mm
Very Good Ã¢â€“Â¾",191.0,6.8 inches (17.27 cm),1600 nits,89999
364,realme GT 2 Pro 5G,realme,8 GB,"128 GB
Best in Class Ã¢â€“Â¾",Qualcomm Snapdragon 8 Gen 1,50 MP + 50 MP + 2 MP,32 MP,5000 mAh,Android v12,Realme UI,AMOLED,1440 x 3216 pixels,"8.1 mm
Very Good Ã¢â€“Â¾",189.0,6.7 inches (17.02 cm),1400 nits,39999
365,Samsung Galaxy F62,Samsung,6 GB,"128 GB
Best in Class Ã¢â€“Â¾",Samsung Exynos 9 Octa 9825,64 MP + 12 MP + 5 MP + 5 MP,32 MP,7000 mAh,Android v11,Samsung One UI,Super AMOLED Plus,1080 x 2400 pixels,"9.5 mm
Average Ã¢â€“Â¾",218.0,6.7 inches (17.02 cm),420 nits,23999
366,POCO C50,POCO,2 GB,"32 GB
Excellent Ã¢â€“Â¾",MediaTek Helio A22,8 MP + 0.08 MP,5 MP,5000 mAh,Android v12,Android Go,IPS LCD,720 x 1600 pixels,"9 mm
Good Ã¢â€“Â¾",192.0,6.52 inches (16.56 cm),400 nits,5899
367,Xiaomi Mi 11X,Xiaomi,6 GB,"128 GB
Best in Class Ã¢â€“Â¾",Qualcomm Snapdragon 870,48 MP + 8 MP + 5 MP,20 MP,4520 mAh,Android v11,MIUI,AMOLED,1080 x 2400 pixels,"7.8 mm
Very Good Ã¢â€“Â¾",196.0,6.67 inches (16.94 cm),1300 nits,23990
368,Apple iPhone 13 Pro Max,Apple,6 GB,"128 GB
Best in Class Ã¢â€“Â¾",Apple A15 Bionic,12 MP + 12 MP + 12 MP,12 MP,4352 mAh,iOS v15,iOS,OLED,1284 x 2778 pixels,"7.6 mm
Very Good Ã¢â€“Â¾",238.0,6.7 inches (17.02 cm),1000 nits,116990
369,Samsung Galaxy S20,Samsung,8 GB,"128 GB
Best in Class Ã¢â€“Â¾",Samsung Exynos 9 Octa 990,12 MP + 64 MP + 12 MP,10 MP,4000 mAh,Android v10 (Q),Samsung One UI,Dynamic AMOLED,1440 x 3200 pixels,"7.9 mm
Very Good Ã¢â€“Â¾",163.0,6.2 inches (15.75 cm),"Yes, HDR 10+",38999
370,Infinix Smart 7,Infinix,4 GB,"64 GB
Best in Class Ã¢â€“Â¾",Unisoc SC9863A,13 MP + 0.3 MP,5 MP,6000 mAh,Android v12,XOS,IPS LCD,720 x 1612 pixels,"9.3 mm
Good Ã¢â€“Â¾",207.0,6.6 inches (16.76 cm),60 Hz,7679
371,Samsung Galaxy Z Fold 4 5G,Samsung,12 GB,"256 GB
Best in Class Ã¢â€“Â¾",Qualcomm Snapdragon 8 Plus Gen 1,50 MP + 12 MP + 10 MP,10 MP + 4 MP,4400 mAh,Android v12L,Samsung One UI,Dynamic AMOLED,1812 x 2176 pixels,"6.3 mm
Excellent Ã¢â€“Â¾",263.0,7.6 inches (19.3 cm),1200 nits,118000
372,POCO X3 Pro,POCO,6 GB,"128 GB
Best in Class Ã¢â€“Â¾",Qualcomm Snapdragon 860,48 MP + 8 MP + 2 MP + 2 MP,20 MP,5160 mAh,Android v11,MIUI,IPS LCD,1080 x 2400 pixels,"9.4 mm
Average Ã¢â€“Â¾",215.0,6.67 inches (16.94 cm),450 nits,23999
373,Infinix Note 12 Pro,Infinix,8 GB,"128 GB
Best in Class Ã¢â€“Â¾",MediaTek Dimensity 810 MT6833,108 MP + 2 MP + 2 MP,16 MP,5000 mAh,Android v12,XOS,AMOLED,1080 x 2400 pixels,"7.9 mm
Very Good Ã¢â€“Â¾",188.0,6.7 inches (17.02 cm),700 nits,19990
374,OPPO F21s Pro 5G,OPPO,8 GB,"128 GB
Best in Class Ã¢â€“Â¾",Qualcomm Snapdragon 695,64 MP + 2 MP + 2 MP,16 MP,4500 mAh,Android v12,ColorOS,AMOLED,1080 x 2400 pixels,"7.6 mm
Very Good Ã¢â€“Â¾",181.0,6.43 inches (16.33 cm),600 nits,21999
375,Tecno Spark Go 2023,Tecno,3 GB,"32 GB
Excellent Ã¢â€“Â¾",MediaTek Helio A22,13 MP + 0.08 MP,5 MP,5000 mAh,Android v12,HiOS,IPS LCD,720 x 1612 pixels,"8.9 mm
Good Ã¢â€“Â¾",191.829315068493,6.56 inches (16.66 cm),60 Hz,6999
376,Xiaomi Redmi Note 11T 5G,Xiaomi,6 GB,"64 GB
Best in Class Ã¢â€“Â¾",MediaTek Dimensity 810 MT6833,50 MP + 8 MP,16 MP,5000 mAh,Android v11,MIUI,IPS LCD,1080 x 2400 pixels,"8.75 mm
Good Ã¢â€“Â¾",195.0,6.6 inches (16.76 cm),90 Hz,16999
377,Samsung Galaxy A52,Samsung,6 GB,"128 GB
Best in Class Ã¢â€“Â¾",Qualcomm Snapdragon 720G,64 MP + 12 MP + 5 MP + 5 MP,32 MP,4500 mAh,Android v11,Samsung One UI,Super AMOLED,1080 x 2400 pixels,"8.4 mm
Very Good Ã¢â€“Â¾",189.0,6.5 inches (16.51 cm),90 Hz,24999
